web-scraper-order;web-scraper-start-url;pagination;productlink-href;title;price;discount;rating;reviews
1665218385-290;https://www.mercadolibre.com.mx/ofertas#c_id=/home/promotions-recommendations/element&c_uid=8e951fe9-02d6-4b9d-9780-784a618b3e25;https://www.mercadolibre.com.mx/ofertas?container_id=MLM779363-3&page=2;https://articulo.mercadolibre.com.mx/MLM-928862069-bomba-electrica-para-inflar-globos-doble-inflador-fiestas-_JM?hide_psmb=true#position=48&search_layout=grid&type=item&tracking_id=f0d5a95b-8648-455e-8205-09e03ac88a60&deal_print_id=bb3db125-c288-429d-8b40-e385af5a9c9d&promotion_type=DEAL_OF_THE_DAY;Bomba Electrica Para Inflar Globos Doble Inflador Fiestas;385;8;4.4;163
1665218388-291;https://www.mercadolibre.com.mx/ofertas#c_id=/home/promotions-recommendations/element&c_uid=8e951fe9-02d6-4b9d-9780-784a618b3e25;https://www.mercadolibre.com.mx/ofertas?container_id=MLM779363-3&page=2;https://www.mercadolibre.com.mx/samsung-galaxy-a03-128-gb-azul-4-gb-ram/p/MLM18955027?pdp_filters=deal:MLM779363-3&hide_psmb=true#searchVariation=MLM18955027&position=10&search_layout=grid&type=product&tracking_id=f0d5a95b-8648-455e-8205-09e03ac88a60&deal_print_id=bb3db125-c288-429d-8b40-e385af5a9c9d&promotion_type=TODAY_PROMOTION;Samsung Galaxy A03 128 GB azul 4 GB RAM;3299;8;4.6;314
1665218391-292;https://www.mercadolibre.com.mx/ofertas#c_id=/home/promotions-recommendations/element&c_uid=8e951fe9-02d6-4b9d-9780-784a618b3e25;https://www.mercadolibre.com.mx/ofertas?container_id=MLM779363-3&page=2;https://articulo.mercadolibre.com.mx/MLM-898940035-72-colores-marcadores-plumones-punta-de-pincel-dual-brush-_JM?hide_psmb=true#position=47&search_layout=grid&type=item&tracking_id=f0d5a95b-8648-455e-8205-09e03ac88a60&deal_print_id=bb3db125-c288-429d-8b40-e385af5a9c9d&promotion_type=TODAY_PROMOTION;72 Colores Marcadores Plumones Punta De Pincel Dual Brush;207;62;4.7;248
1665218394-293;https://www.mercadolibre.com.mx/ofertas#c_id=/home/promotions-recommendations/element&c_uid=8e951fe9-02d6-4b9d-9780-784a618b3e25;https://www.mercadolibre.com.mx/ofertas?container_id=MLM779363-3&page=2;https://articulo.mercadolibre.com.mx/MLM-906832045-cortinas-serie-luces-300-led-decorativas-usb-8-modos-3x3m-_JM?hide_psmb=true#position=46&search_layout=grid&type=item&tracking_id=f0d5a95b-8648-455e-8205-09e03ac88a60&deal_print_id=bb3db125-c288-429d-8b40-e385af5a9c9d&promotion_type=TODAY_PROMOTION;Cortinas Serie Luces 300 Led Decorativas Usb 8 Modos 3x3m;125;23;4.7;650
1665218397-294;https://www.mercadolibre.com.mx/ofertas#c_id=/home/promotions-recommendations/element&c_uid=8e951fe9-02d6-4b9d-9780-784a618b3e25;https://www.mercadolibre.com.mx/ofertas?container_id=MLM779363-3&page=2;https://articulo.mercadolibre.com.mx/MLM-1313691652-paquete-2-llantas-19565r15-michelin-energy-xm2-91v-_JM?hide_psmb=true#position=45&search_layout=grid&type=item&tracking_id=f0d5a95b-8648-455e-8205-09e03ac88a60&deal_print_id=bb3db125-c288-429d-8b40-e385af5a9c9d&promotion_type=TODAY_PROMOTION;Paquete 2 Llantas 195/65r15 Michelin Energy Xm2+ 91v;3523;24;4.9;53
1665218399-295;https://www.mercadolibre.com.mx/ofertas#c_id=/home/promotions-recommendations/element&c_uid=8e951fe9-02d6-4b9d-9780-784a618b3e25;https://www.mercadolibre.com.mx/ofertas?container_id=MLM779363-3&page=2;https://articulo.mercadolibre.com.mx/MLM-955324643-procesador-cpu-amd-ryzen-5-5600g-44ghz-6-core-am4-radeon-7-_JM?hide_psmb=true#position=44&search_layout=grid&type=item&tracking_id=f0d5a95b-8648-455e-8205-09e03ac88a60&deal_print_id=bb3db125-c288-429d-8b40-e385af5a9c9d&promotion_type=TODAY_PROMOTION;Procesador Cpu Amd Ryzen 5 5600g 4.4ghz 6 Core Am4 Radeon 7;2499;70;4.9;180
1665218402-296;https://www.mercadolibre.com.mx/ofertas#c_id=/home/promotions-recommendations/element&c_uid=8e951fe9-02d6-4b9d-9780-784a618b3e25;https://www.mercadolibre.com.mx/ofertas?container_id=MLM779363-3&page=2;https://articulo.mercadolibre.com.mx/MLM-963334785-soporte-porta-celular-pared-bano-cocina-impermeabl-antiempan-_JM?hide_psmb=true#position=43&search_layout=grid&type=item&tracking_id=f0d5a95b-8648-455e-8205-09e03ac88a60&deal_print_id=bb3db125-c288-429d-8b40-e385af5a9c9d&promotion_type=TODAY_PROMOTION;Soporte Porta Celular Pared Bano Cocina Impermeabl Antiempan;154;21;4.7;18
1665218405-297;https://www.mercadolibre.com.mx/ofertas#c_id=/home/promotions-recommendations/element&c_uid=8e951fe9-02d6-4b9d-9780-784a618b3e25;https://www.mercadolibre.com.mx/ofertas?container_id=MLM779363-3&page=2;https://articulo.mercadolibre.com.mx/MLM-1487365160-fino-smartwatch-mujer-contesta-whatsapp-llamada-notificacion-_JM?hide_psmb=true#position=42&search_layout=grid&type=item&tracking_id=f0d5a95b-8648-455e-8205-09e03ac88a60&deal_print_id=bb3db125-c288-429d-8b40-e385af5a9c9d&promotion_type=TODAY_PROMOTION;Fino Smartwatch Mujer Contesta Whatsapp Llamada Notificacion;2650;5;null;null
1665218408-298;https://www.mercadolibre.com.mx/ofertas#c_id=/home/promotions-recommendations/element&c_uid=8e951fe9-02d6-4b9d-9780-784a618b3e25;https://www.mercadolibre.com.mx/ofertas?container_id=MLM779363-3&page=2;https://articulo.mercadolibre.com.mx/MLM-1357019208-fundas-para-samsung-de-silicona-electrochapadacuerda-_JM?hide_psmb=true#position=41&search_layout=grid&type=item&tracking_id=f0d5a95b-8648-455e-8205-09e03ac88a60&deal_print_id=bb3db125-c288-429d-8b40-e385af5a9c9d&promotion_type=TODAY_PROMOTION;Fundas Para Samsung De Silicona Electrochapada+cuerda;143;20;4.3;44
1665218410-299;https://www.mercadolibre.com.mx/ofertas#c_id=/home/promotions-recommendations/element&c_uid=8e951fe9-02d6-4b9d-9780-784a618b3e25;https://www.mercadolibre.com.mx/ofertas?container_id=MLM779363-3&page=2;https://www.mercadolibre.com.mx/samsung-galaxy-a53-5g-128-gb-awesome-black-8-gb-ram/p/MLM19151372?pdp_filters=deal:MLM779363-3&hide_psmb=true#searchVariation=MLM19151372&position=9&search_layout=grid&type=product&tracking_id=f0d5a95b-8648-455e-8205-09e03ac88a60&deal_print_id=bb3db125-c288-429d-8b40-e385af5a9c9d&promotion_type=TODAY_PROMOTION;Samsung Galaxy A53 5G 128 GB awesome black 8 GB RAM;8299;17;4.5;156
1665218413-300;https://www.mercadolibre.com.mx/ofertas#c_id=/home/promotions-recommendations/element&c_uid=8e951fe9-02d6-4b9d-9780-784a618b3e25;https://www.mercadolibre.com.mx/ofertas?container_id=MLM779363-3&page=2;https://articulo.mercadolibre.com.mx/MLM-963411330-capa-bordada-de-harry-potter-_JM?hide_psmb=true#position=40&search_layout=grid&type=item&tracking_id=f0d5a95b-8648-455e-8205-09e03ac88a60&deal_print_id=bb3db125-c288-429d-8b40-e385af5a9c9d&promotion_type=DEAL_OF_THE_DAY;Capa Bordada De Harry Potter;493;30;4.6;23
1665218416-301;https://www.mercadolibre.com.mx/ofertas#c_id=/home/promotions-recommendations/element&c_uid=8e951fe9-02d6-4b9d-9780-784a618b3e25;https://www.mercadolibre.com.mx/ofertas?container_id=MLM779363-3&page=2;https://articulo.mercadolibre.com.mx/MLM-920967358-mochila-de-gran-capacidad-con-cargador-usb-_JM?hide_psmb=true#position=39&search_layout=grid&type=item&tracking_id=f0d5a95b-8648-455e-8205-09e03ac88a60&deal_print_id=bb3db125-c288-429d-8b40-e385af5a9c9d&promotion_type=TODAY_PROMOTION;Mochila De Gran Capacidad Con Cargador Usb;290;55;4.5;1061
1665218419-302;https://www.mercadolibre.com.mx/ofertas#c_id=/home/promotions-recommendations/element&c_uid=8e951fe9-02d6-4b9d-9780-784a618b3e25;https://www.mercadolibre.com.mx/ofertas?container_id=MLM779363-3&page=2;https://articulo.mercadolibre.com.mx/MLM-1480967566-colmi-v33-reloj-inteligente-mujer-con-temperatura-smartwatch-_JM?hide_psmb=true#position=38&search_layout=grid&type=item&tracking_id=f0d5a95b-8648-455e-8205-09e03ac88a60&deal_print_id=bb3db125-c288-429d-8b40-e385af5a9c9d&promotion_type=TODAY_PROMOTION;Colmi V33 Reloj Inteligente Mujer Con Temperatura Smartwatch;849;34;5;32
1665218422-303;https://www.mercadolibre.com.mx/ofertas#c_id=/home/promotions-recommendations/element&c_uid=8e951fe9-02d6-4b9d-9780-784a618b3e25;https://www.mercadolibre.com.mx/ofertas?container_id=MLM779363-3&page=2;https://articulo.mercadolibre.com.mx/MLM-848023413-tapabocas-cubrebocas-plisado-tricapa-termosellado-fda-y-ce-_JM?hide_psmb=true#position=37&search_layout=grid&type=item&tracking_id=f0d5a95b-8648-455e-8205-09e03ac88a60&deal_print_id=bb3db125-c288-429d-8b40-e385af5a9c9d&promotion_type=DEAL_OF_THE_DAY;Tapabocas Cubrebocas Plisado Tricapa Termosellado Fda Y Ce;189;35;4.3;6752
1665218424-304;https://www.mercadolibre.com.mx/ofertas#c_id=/home/promotions-recommendations/element&c_uid=8e951fe9-02d6-4b9d-9780-784a618b3e25;https://www.mercadolibre.com.mx/ofertas?container_id=MLM779363-3&page=2;https://articulo.mercadolibre.com.mx/MLM-912539306-mascara-luz-led-la-purga-halloween-la-purga-colores-calidad-_JM?hide_psmb=true#position=36&search_layout=grid&type=item&tracking_id=f0d5a95b-8648-455e-8205-09e03ac88a60&deal_print_id=bb3db125-c288-429d-8b40-e385af5a9c9d&promotion_type=TODAY_PROMOTION;Máscara Luz Led La Purga Halloween La Purga Colores Calidad;105;73;4.7;249
1665218427-305;https://www.mercadolibre.com.mx/ofertas#c_id=/home/promotions-recommendations/element&c_uid=8e951fe9-02d6-4b9d-9780-784a618b3e25;https://www.mercadolibre.com.mx/ofertas?container_id=MLM779363-3&page=2;https://articulo.mercadolibre.com.mx/MLM-1465804887-funda-acrigel-para-samsung-xiaomi-pocopremiumuso-rudo-_JM?hide_psmb=true#position=35&search_layout=grid&type=item&tracking_id=f0d5a95b-8648-455e-8205-09e03ac88a60&deal_print_id=bb3db125-c288-429d-8b40-e385af5a9c9d&promotion_type=TODAY_PROMOTION;Funda Acrigel Para Samsung, Xiaomi, Poco/premium/uso Rudo;63;36;4.4;5
1665218430-306;https://www.mercadolibre.com.mx/ofertas#c_id=/home/promotions-recommendations/element&c_uid=8e951fe9-02d6-4b9d-9780-784a618b3e25;https://www.mercadolibre.com.mx/ofertas?container_id=MLM779363-3&page=2;https://www.mercadolibre.com.mx/samsung-galaxy-a03-64-gb-negro-4-gb-ram/p/MLM18955019?pdp_filters=deal:MLM779363-3&hide_psmb=true#searchVariation=MLM18955019&position=8&search_layout=grid&type=product&tracking_id=f0d5a95b-8648-455e-8205-09e03ac88a60&deal_print_id=bb3db125-c288-429d-8b40-e385af5a9c9d&promotion_type=DEAL_OF_THE_DAY;Samsung Galaxy A03 64 GB negro 4 GB RAM;2599;18;4.6;314
1665218433-307;https://www.mercadolibre.com.mx/ofertas#c_id=/home/promotions-recommendations/element&c_uid=8e951fe9-02d6-4b9d-9780-784a618b3e25;https://www.mercadolibre.com.mx/ofertas?container_id=MLM779363-3&page=2;https://articulo.mercadolibre.com.mx/MLM-770767773-gel-limpiador-espumoso-cerave-piel-normal-grasa-acne-473-ml-_JM?hide_psmb=true#position=34&search_layout=grid&type=item&tracking_id=f0d5a95b-8648-455e-8205-09e03ac88a60&deal_print_id=bb3db125-c288-429d-8b40-e385af5a9c9d&promotion_type=TODAY_PROMOTION;Gel Limpiador Espumoso Cerave Piel Normal Grasa Acné 473 Ml;321;29;4.8;2164
1665218436-308;https://www.mercadolibre.com.mx/ofertas#c_id=/home/promotions-recommendations/element&c_uid=8e951fe9-02d6-4b9d-9780-784a618b3e25;https://www.mercadolibre.com.mx/ofertas?container_id=MLM779363-3&page=2;https://articulo.mercadolibre.com.mx/MLM-1484230736-t700s-smartwatch-18-infinita-reloj-brilloso-gran-bateria-_JM?hide_psmb=true#position=33&search_layout=grid&type=item&tracking_id=f0d5a95b-8648-455e-8205-09e03ac88a60&deal_print_id=bb3db125-c288-429d-8b40-e385af5a9c9d&promotion_type=TODAY_PROMOTION;T700s Smartwatch 1.8 Infinita Reloj Brilloso Gran Bateria;270;9;null;null
1665218438-309;https://www.mercadolibre.com.mx/ofertas#c_id=/home/promotions-recommendations/element&c_uid=8e951fe9-02d6-4b9d-9780-784a618b3e25;https://www.mercadolibre.com.mx/ofertas?container_id=MLM779363-3&page=2;https://articulo.mercadolibre.com.mx/MLM-1483956320-chamarra-thats-hot-con-gorro-removible-para-hombre-_JM?hide_psmb=true#position=32&search_layout=grid&type=item&tracking_id=f0d5a95b-8648-455e-8205-09e03ac88a60&deal_print_id=bb3db125-c288-429d-8b40-e385af5a9c9d&promotion_type=TODAY_PROMOTION;Chamarra That´s Hot Con Gorro Removible Para Hombre;399;48;3.8;6
1665218441-310;https://www.mercadolibre.com.mx/ofertas#c_id=/home/promotions-recommendations/element&c_uid=8e951fe9-02d6-4b9d-9780-784a618b3e25;https://www.mercadolibre.com.mx/ofertas?container_id=MLM779363-3&page=2;https://articulo.mercadolibre.com.mx/MLM-955504092-cargador-xiaomi-original-turbo-33w-con-cable-tipo-c-6a-_JM?hide_psmb=true#position=31&search_layout=grid&type=item&tracking_id=f0d5a95b-8648-455e-8205-09e03ac88a60&deal_print_id=bb3db125-c288-429d-8b40-e385af5a9c9d&promotion_type=TODAY_PROMOTION;Cargador Xiaomi Original Turbo 33w Con Cable Tipo C 6a;473;21;4.7;359
1665218444-311;https://www.mercadolibre.com.mx/ofertas#c_id=/home/promotions-recommendations/element&c_uid=8e951fe9-02d6-4b9d-9780-784a618b3e25;https://www.mercadolibre.com.mx/ofertas?container_id=MLM779363-3&page=2;https://www.mercadolibre.com.mx/samsung-galaxy-s21-fe-5g-256-gb-lavanda-8-gb-ram/p/MLM18943754?pdp_filters=deal:MLM779363-3&hide_psmb=true#searchVariation=MLM18943754&position=7&search_layout=grid&type=product&tracking_id=f0d5a95b-8648-455e-8205-09e03ac88a60&deal_print_id=bb3db125-c288-429d-8b40-e385af5a9c9d&promotion_type=TODAY_PROMOTION;Samsung Galaxy S21 FE 5G 256 GB lavanda 8 GB RAM;12499;30;4.6;71
1665218447-312;https://www.mercadolibre.com.mx/ofertas#c_id=/home/promotions-recommendations/element&c_uid=8e951fe9-02d6-4b9d-9780-784a618b3e25;https://www.mercadolibre.com.mx/ofertas?container_id=MLM779363-3&page=2;https://articulo.mercadolibre.com.mx/MLM-837757924-display-pantalla-touch-huawei-y6-2019-negro-_JM?hide_psmb=true#position=30&search_layout=grid&type=item&tracking_id=f0d5a95b-8648-455e-8205-09e03ac88a60&deal_print_id=bb3db125-c288-429d-8b40-e385af5a9c9d&promotion_type=TODAY_PROMOTION;Display Pantalla Touch Huawei Y6 2019 Negro;351;17;5;4
1665218450-313;https://www.mercadolibre.com.mx/ofertas#c_id=/home/promotions-recommendations/element&c_uid=8e951fe9-02d6-4b9d-9780-784a618b3e25;https://www.mercadolibre.com.mx/ofertas?container_id=MLM779363-3&page=2;https://articulo.mercadolibre.com.mx/MLM-794459454-funda-para-iphone-xxsmaxxr-otter-box-defenderclip-_JM?hide_psmb=true#position=29&search_layout=grid&type=item&tracking_id=f0d5a95b-8648-455e-8205-09e03ac88a60&deal_print_id=bb3db125-c288-429d-8b40-e385af5a9c9d&promotion_type=TODAY_PROMOTION;Funda Para iPhone X/xs/max/xr Otter Box Defender+clip;363;9;4.7;32
1665218452-314;https://www.mercadolibre.com.mx/ofertas#c_id=/home/promotions-recommendations/element&c_uid=8e951fe9-02d6-4b9d-9780-784a618b3e25;https://www.mercadolibre.com.mx/ofertas?container_id=MLM779363-3&page=2;https://articulo.mercadolibre.com.mx/MLM-919112601-reloj-telefono-inteligente-4g-smartwatch-android-celular-sim-_JM?hide_psmb=true#position=28&search_layout=grid&type=item&tracking_id=f0d5a95b-8648-455e-8205-09e03ac88a60&deal_print_id=bb3db125-c288-429d-8b40-e385af5a9c9d&promotion_type=TODAY_PROMOTION;Reloj Telefono Inteligente 4g Smartwatch Android Celular Sim;3599;14;null;null
1665218455-315;https://www.mercadolibre.com.mx/ofertas#c_id=/home/promotions-recommendations/element&c_uid=8e951fe9-02d6-4b9d-9780-784a618b3e25;https://www.mercadolibre.com.mx/ofertas?container_id=MLM779363-3&page=2;https://www.mercadolibre.com.mx/procesador-gamer-amd-ryzen-5-5600g-100-100000252box-de-6-nucleos-y-44ghz-de-frecuencia-con-grafica-integrada/p/MLM18424403?pdp_filters=deal:MLM779363-3&hide_psmb=true#searchVariation=MLM18424403&position=6&search_layout=grid&type=product&tracking_id=f0d5a95b-8648-455e-8205-09e03ac88a60&deal_print_id=bb3db125-c288-429d-8b40-e385af5a9c9d&promotion_type=TODAY_PROMOTION;Procesador gamer AMD Ryzen 5 5600G 100-100000252BOX de 6 núcleos y  4.4GHz de frecuencia con gráfica integrada;2499;70;4.9;180
1665218458-316;https://www.mercadolibre.com.mx/ofertas#c_id=/home/promotions-recommendations/element&c_uid=8e951fe9-02d6-4b9d-9780-784a618b3e25;https://www.mercadolibre.com.mx/ofertas?container_id=MLM779363-3&page=2;https://www.mercadolibre.com.mx/xiaomi-redmi-note-10s-dual-sim-128-gb-blanco-piedra-6-gb-ram/p/MLM18027044?pdp_filters=deal:MLM779363-3&hide_psmb=true#searchVariation=MLM18027044&position=5&search_layout=grid&type=product&tracking_id=f0d5a95b-8648-455e-8205-09e03ac88a60&deal_print_id=bb3db125-c288-429d-8b40-e385af5a9c9d&promotion_type=TODAY_PROMOTION;Xiaomi Redmi Note 10S Dual SIM 128 GB blanco piedra 6 GB RAM;4098;10;4.6;2630
1665218461-317;https://www.mercadolibre.com.mx/ofertas#c_id=/home/promotions-recommendations/element&c_uid=8e951fe9-02d6-4b9d-9780-784a618b3e25;https://www.mercadolibre.com.mx/ofertas?container_id=MLM779363-3&page=2;https://articulo.mercadolibre.com.mx/MLM-770764526-gel-limpiador-espumoso-cerave-piel-normal-a-grasa-236ml-_JM?hide_psmb=true#position=27&search_layout=grid&type=item&tracking_id=f0d5a95b-8648-455e-8205-09e03ac88a60&deal_print_id=bb3db125-c288-429d-8b40-e385af5a9c9d&promotion_type=TODAY_PROMOTION;Gel Limpiador Espumoso Cerave Piel Normal A Grasa - 236ml;236;25;4.7;1490
1665218464-318;https://www.mercadolibre.com.mx/ofertas#c_id=/home/promotions-recommendations/element&c_uid=8e951fe9-02d6-4b9d-9780-784a618b3e25;https://www.mercadolibre.com.mx/ofertas?container_id=MLM779363-3&page=2;https://articulo.mercadolibre.com.mx/MLM-875388281-kit-garnier-express-aclara-serum-crema-gel-con-vitamina-c-_JM?hide_psmb=true#position=26&search_layout=grid&type=item&tracking_id=f0d5a95b-8648-455e-8205-09e03ac88a60&deal_print_id=bb3db125-c288-429d-8b40-e385af5a9c9d&promotion_type=TODAY_PROMOTION;Kit Garnier Express Aclara Serum +crema +gel Con Vitamina C;328;30;4.6;3499
1665218467-319;https://www.mercadolibre.com.mx/ofertas#c_id=/home/promotions-recommendations/element&c_uid=8e951fe9-02d6-4b9d-9780-784a618b3e25;https://www.mercadolibre.com.mx/ofertas?container_id=MLM779363-3&page=2;https://www.mercadolibre.com.mx/samsung-galaxy-watch4-bluetooth-14-caja-44mm-de-aluminio-black-malla-black-de-fluoroelastomero-sm-r870/p/MLM18362369?pdp_filters=deal:MLM779363-3&hide_psmb=true#searchVariation=MLM18362369&position=4&search_layout=grid&type=product&tracking_id=f0d5a95b-8648-455e-8205-09e03ac88a60&deal_print_id=bb3db125-c288-429d-8b40-e385af5a9c9d&promotion_type=TODAY_PROMOTION;"Samsung Galaxy Watch4 (Bluetooth) 1.4"" caja 44mm de  aluminio black, malla  black de  fluoroelastómero SM-R870";3467;15;4.7;137
1665218470-320;https://www.mercadolibre.com.mx/ofertas#c_id=/home/promotions-recommendations/element&c_uid=8e951fe9-02d6-4b9d-9780-784a618b3e25;https://www.mercadolibre.com.mx/ofertas?container_id=MLM779363-3&page=2;https://articulo.mercadolibre.com.mx/MLM-1383145566-cargador-xiaomi-18w-original-tipo-c-carga-rapida-_JM?hide_psmb=true#position=25&search_layout=grid&type=item&tracking_id=f0d5a95b-8648-455e-8205-09e03ac88a60&deal_print_id=bb3db125-c288-429d-8b40-e385af5a9c9d&promotion_type=TODAY_PROMOTION;Cargador Xiaomi 18w Original Tipo C. Carga Rápida;315;14;4.8;5
1665218472-321;https://www.mercadolibre.com.mx/ofertas#c_id=/home/promotions-recommendations/element&c_uid=8e951fe9-02d6-4b9d-9780-784a618b3e25;https://www.mercadolibre.com.mx/ofertas?container_id=MLM779363-3&page=2;https://articulo.mercadolibre.com.mx/MLM-1438817840-celular-samsung-galaxy-a03-core-32gb-2gb-ram-light-green-_JM?hide_psmb=true#position=24&search_layout=grid&type=item&tracking_id=f0d5a95b-8648-455e-8205-09e03ac88a60&deal_print_id=bb3db125-c288-429d-8b40-e385af5a9c9d&promotion_type=TODAY_PROMOTION;Celular Samsung Galaxy A03 Core 32gb + 2gb Ram Light Green;2199;4;4.4;43
1665218475-322;https://www.mercadolibre.com.mx/ofertas#c_id=/home/promotions-recommendations/element&c_uid=8e951fe9-02d6-4b9d-9780-784a618b3e25;https://www.mercadolibre.com.mx/ofertas?container_id=MLM779363-3&page=2;https://articulo.mercadolibre.com.mx/MLM-828001645-xg8-audifonos-inalambricos-con-bluetooth-resistentes-al-agua-_JM?hide_psmb=true#position=23&search_layout=grid&type=item&tracking_id=f0d5a95b-8648-455e-8205-09e03ac88a60&deal_print_id=bb3db125-c288-429d-8b40-e385af5a9c9d&promotion_type=TODAY_PROMOTION;Xg8 Audífonos Inalámbricos Con Bluetooth Resistentes Al Agua;148;62;4.5;3185
1665218478-323;https://www.mercadolibre.com.mx/ofertas#c_id=/home/promotions-recommendations/element&c_uid=8e951fe9-02d6-4b9d-9780-784a618b3e25;https://www.mercadolibre.com.mx/ofertas?container_id=MLM779363-3&page=2;https://articulo.mercadolibre.com.mx/MLM-1387576547-funda-samsung-s22plusultra-otterbox-defender-originalclip-_JM?hide_psmb=true#position=22&search_layout=grid&type=item&tracking_id=f0d5a95b-8648-455e-8205-09e03ac88a60&deal_print_id=bb3db125-c288-429d-8b40-e385af5a9c9d&promotion_type=TODAY_PROMOTION;Funda Samsung S22/plus/ultra Otterbox Defender Original+clip;393;10;4.5;17
1665218481-324;https://www.mercadolibre.com.mx/ofertas#c_id=/home/promotions-recommendations/element&c_uid=8e951fe9-02d6-4b9d-9780-784a618b3e25;https://www.mercadolibre.com.mx/ofertas?container_id=MLM779363-3&page=2;https://articulo.mercadolibre.com.mx/MLM-1390936034-smartwatch-para-mujer-reloj-inteligente-deportivo-bluetooth-_JM?hide_psmb=true#position=21&search_layout=grid&type=item&tracking_id=f0d5a95b-8648-455e-8205-09e03ac88a60&deal_print_id=bb3db125-c288-429d-8b40-e385af5a9c9d&promotion_type=DEAL_OF_THE_DAY;Smartwatch Para Mujer, Reloj Inteligente Deportivo Bluetooth;924;67;4.6;138
1665218483-325;https://www.mercadolibre.com.mx/ofertas#c_id=/home/promotions-recommendations/element&c_uid=8e951fe9-02d6-4b9d-9780-784a618b3e25;https://www.mercadolibre.com.mx/ofertas?container_id=MLM779363-3&page=2;https://articulo.mercadolibre.com.mx/MLM-939746335-cargador-inalambrico-magnetico-qi-carga-rapida-15w-ios-_JM?hide_psmb=true#position=20&search_layout=grid&type=item&tracking_id=f0d5a95b-8648-455e-8205-09e03ac88a60&deal_print_id=bb3db125-c288-429d-8b40-e385af5a9c9d&promotion_type=TODAY_PROMOTION;Cargador Inalámbrico Magnetico Qi Carga Rápida 15w Ios;315;16;3.1;51
1665218486-326;https://www.mercadolibre.com.mx/ofertas#c_id=/home/promotions-recommendations/element&c_uid=8e951fe9-02d6-4b9d-9780-784a618b3e25;https://www.mercadolibre.com.mx/ofertas?container_id=MLM779363-3&page=2;https://www.mercadolibre.com.mx/moto-g60-dual-sim-128-gb-plata-4-gb-ram/p/MLM18987344?pdp_filters=deal:MLM779363-3&hide_psmb=true#searchVariation=MLM18987344&position=3&search_layout=grid&type=product&tracking_id=f0d5a95b-8648-455e-8205-09e03ac88a60&deal_print_id=bb3db125-c288-429d-8b40-e385af5a9c9d&promotion_type=TODAY_PROMOTION;Moto G60 Dual SIM 128 GB plata 4 GB RAM;3978;10;4.6;1139
1665218489-327;https://www.mercadolibre.com.mx/ofertas#c_id=/home/promotions-recommendations/element&c_uid=8e951fe9-02d6-4b9d-9780-784a618b3e25;https://www.mercadolibre.com.mx/ofertas?container_id=MLM779363-3&page=2;https://articulo.mercadolibre.com.mx/MLM-1385345739-cargador-xiaomi-33w-original-tipo-c-turbo-cargador-mdy11ex-_JM?hide_psmb=true#position=19&search_layout=grid&type=item&tracking_id=f0d5a95b-8648-455e-8205-09e03ac88a60&deal_print_id=bb3db125-c288-429d-8b40-e385af5a9c9d&promotion_type=TODAY_PROMOTION;Cargador Xiaomi 33w Original Tipo C. Turbo Cargador Mdy11ex;526;16;5;36
1665218492-328;https://www.mercadolibre.com.mx/ofertas#c_id=/home/promotions-recommendations/element&c_uid=8e951fe9-02d6-4b9d-9780-784a618b3e25;https://www.mercadolibre.com.mx/ofertas?container_id=MLM779363-3&page=2;https://articulo.mercadolibre.com.mx/MLM-1474808624-funda-tpu-liquido-de-dos-colores-para-xiaomi-poco-redmi-_JM?hide_psmb=true#position=18&search_layout=grid&type=item&tracking_id=f0d5a95b-8648-455e-8205-09e03ac88a60&deal_print_id=bb3db125-c288-429d-8b40-e385af5a9c9d&promotion_type=TODAY_PROMOTION;Funda Tpu Líquido De Dos Colores Para Xiaomi Poco Redmi;128;24;null;null
1665218495-329;https://www.mercadolibre.com.mx/ofertas#c_id=/home/promotions-recommendations/element&c_uid=8e951fe9-02d6-4b9d-9780-784a618b3e25;https://www.mercadolibre.com.mx/ofertas?container_id=MLM779363-3&page=2;https://articulo.mercadolibre.com.mx/MLM-1415324654-reloj-inteligente-life-watch-mide-signos-vitales-cv-directo-_JM?hide_psmb=true#position=17&search_layout=grid&type=item&tracking_id=f0d5a95b-8648-455e-8205-09e03ac88a60&deal_print_id=bb3db125-c288-429d-8b40-e385af5a9c9d&promotion_type=TODAY_PROMOTION;Reloj Inteligente Life Watch Mide Signos Vitales Cv Directo;1999;33;4;35
1665218497-330;https://www.mercadolibre.com.mx/ofertas#c_id=/home/promotions-recommendations/element&c_uid=8e951fe9-02d6-4b9d-9780-784a618b3e25;https://www.mercadolibre.com.mx/ofertas?container_id=MLM779363-3&page=2;https://articulo.mercadolibre.com.mx/MLM-776241289-audifonos-inalambricos-_JM?hide_psmb=true#position=16&search_layout=grid&type=item&tracking_id=f0d5a95b-8648-455e-8205-09e03ac88a60&deal_print_id=bb3db125-c288-429d-8b40-e385af5a9c9d&promotion_type=TODAY_PROMOTION;Audífonos Inalámbricos;160;54;4.5;3907
1665218500-331;https://www.mercadolibre.com.mx/ofertas#c_id=/home/promotions-recommendations/element&c_uid=8e951fe9-02d6-4b9d-9780-784a618b3e25;https://www.mercadolibre.com.mx/ofertas?container_id=MLM779363-3&page=2;https://www.mercadolibre.com.mx/samsung-galaxy-a52-128-gb-azul-sorprendente-6-gb-ram/p/MLM17493811?pdp_filters=deal:MLM779363-3&hide_psmb=true#searchVariation=MLM17493811&position=2&search_layout=grid&type=product&tracking_id=f0d5a95b-8648-455e-8205-09e03ac88a60&deal_print_id=bb3db125-c288-429d-8b40-e385af5a9c9d&promotion_type=TODAY_PROMOTION;Samsung Galaxy A52 128 GB azul sorprendente 6 GB RAM;6299;18;4.7;1466
1665218503-332;https://www.mercadolibre.com.mx/ofertas#c_id=/home/promotions-recommendations/element&c_uid=8e951fe9-02d6-4b9d-9780-784a618b3e25;https://www.mercadolibre.com.mx/ofertas?container_id=MLM779363-3&page=2;https://articulo.mercadolibre.com.mx/MLM-664654034-mesa-plegable-portafolio-plastico-180m-resistente-garantia-_JM?hide_psmb=true#position=15&search_layout=grid&type=item&tracking_id=f0d5a95b-8648-455e-8205-09e03ac88a60&deal_print_id=bb3db125-c288-429d-8b40-e385af5a9c9d&promotion_type=TODAY_PROMOTION;Mesa Plegable Portafolio Plastico 1.80m Resistente Garantia;1259;16;4.6;78
1665218506-333;https://www.mercadolibre.com.mx/ofertas#c_id=/home/promotions-recommendations/element&c_uid=8e951fe9-02d6-4b9d-9780-784a618b3e25;https://www.mercadolibre.com.mx/ofertas?container_id=MLM779363-3&page=2;https://articulo.mercadolibre.com.mx/MLM-1366888204-reloj-inteligente-resistente-al-agua-con-bluetooth-_JM?hide_psmb=true#position=14&search_layout=grid&type=item&tracking_id=f0d5a95b-8648-455e-8205-09e03ac88a60&deal_print_id=bb3db125-c288-429d-8b40-e385af5a9c9d&promotion_type=TODAY_PROMOTION;Reloj Inteligente Resistente Al Agua Con Bluetooth;765;52;4.5;55
1665218509-334;https://www.mercadolibre.com.mx/ofertas#c_id=/home/promotions-recommendations/element&c_uid=8e951fe9-02d6-4b9d-9780-784a618b3e25;https://www.mercadolibre.com.mx/ofertas?container_id=MLM779363-3&page=2;https://articulo.mercadolibre.com.mx/MLM-1452383508-pantalla-smart-tv-tcl-50-pulgadas-4k-uhd-android-tv-50a445-_JM?hide_psmb=true#position=13&search_layout=grid&type=item&tracking_id=f0d5a95b-8648-455e-8205-09e03ac88a60&deal_print_id=bb3db125-c288-429d-8b40-e385af5a9c9d&promotion_type=TODAY_PROMOTION;Pantalla Smart Tv Tcl 50 Pulgadas 4k Uhd Android Tv 50a445;7799;43;4.7;30
1665218512-335;https://www.mercadolibre.com.mx/ofertas#c_id=/home/promotions-recommendations/element&c_uid=8e951fe9-02d6-4b9d-9780-784a618b3e25;https://www.mercadolibre.com.mx/ofertas?container_id=MLM779363-3&page=2;https://www.mercadolibre.com.mx/xiaomi-pocophone-poco-m3-pro-5g-dual-sim-128-gb-azul-hielo-6-gb-ram/p/MLM18061594?pdp_filters=deal:MLM779363-3&hide_psmb=true#searchVariation=MLM18061594&position=1&search_layout=grid&type=product&tracking_id=f0d5a95b-8648-455e-8205-09e03ac88a60&deal_print_id=bb3db125-c288-429d-8b40-e385af5a9c9d&promotion_type=TODAY_PROMOTION;Xiaomi Pocophone Poco M3 Pro 5G Dual SIM 128 GB azul hielo 6 GB RAM;4366;6;4.6;1389
1665218515-336;https://www.mercadolibre.com.mx/ofertas#c_id=/home/promotions-recommendations/element&c_uid=8e951fe9-02d6-4b9d-9780-784a618b3e25;https://www.mercadolibre.com.mx/ofertas?container_id=MLM779363-3&page=2;https://articulo.mercadolibre.com.mx/MLM-1336809425-tenis-de-seguridad-industrial-para-trabajo-hombre-ligero-_JM?hide_psmb=true#position=12&search_layout=grid&type=item&tracking_id=f0d5a95b-8648-455e-8205-09e03ac88a60&deal_print_id=bb3db125-c288-429d-8b40-e385af5a9c9d&promotion_type=TODAY_PROMOTION;Tenis De Seguridad Industrial Para Trabajo Hombre Ligero;572;58;4.7;228
1665218518-337;https://www.mercadolibre.com.mx/ofertas#c_id=/home/promotions-recommendations/element&c_uid=8e951fe9-02d6-4b9d-9780-784a618b3e25;https://www.mercadolibre.com.mx/ofertas?container_id=MLM779363-3&page=2;https://articulo.mercadolibre.com.mx/MLM-1316458705-funda-iphone-13minipromax-otter-box-defender-originalclip-_JM?hide_psmb=true#position=11&search_layout=grid&type=item&tracking_id=f0d5a95b-8648-455e-8205-09e03ac88a60&deal_print_id=bb3db125-c288-429d-8b40-e385af5a9c9d&promotion_type=TODAY_PROMOTION;Funda iPhone 13mini/pro/max Otter Box Defender Original+clip;376;14;4.9;85
1665218524-338;https://www.mercadolibre.com.mx/ofertas#c_id=/home/promotions-recommendations/element&c_uid=8e951fe9-02d6-4b9d-9780-784a618b3e25;https://www.mercadolibre.com.mx/ofertas?container_id=MLM779363-3&page=3;https://articulo.mercadolibre.com.mx/MLM-1452012139-reloj-inteligente-smartwatch-llamar-deportes-185-_JM?hide_psmb=true#position=48&search_layout=grid&type=item&tracking_id=ae4ef520-6273-4c57-aa59-42d6b61e3d99&deal_print_id=6cb2d183-017e-438e-b808-d3c4c88c8990&promotion_type=TODAY_PROMOTION;Reloj Inteligente Smartwatch Llamar Deportes 1.85;493;50;null;null
1665218527-339;https://www.mercadolibre.com.mx/ofertas#c_id=/home/promotions-recommendations/element&c_uid=8e951fe9-02d6-4b9d-9780-784a618b3e25;https://www.mercadolibre.com.mx/ofertas?container_id=MLM779363-3&page=3;https://www.mercadolibre.com.mx/impresora-a-color-multifuncion-hp-deskjet-ink-advantage-2374-blanca-100v240v/p/MLM16112386?pdp_filters=deal:MLM779363-3&hide_psmb=true#searchVariation=MLM16112386&position=11&search_layout=grid&type=product&tracking_id=ae4ef520-6273-4c57-aa59-42d6b61e3d99&deal_print_id=6cb2d183-017e-438e-b808-d3c4c88c8990&promotion_type=TODAY_PROMOTION;Impresora a color multifunción HP Deskjet Ink Advantage 2374 blanca 100V/240V;1299;18;4.5;1441
1665218530-340;https://www.mercadolibre.com.mx/ofertas#c_id=/home/promotions-recommendations/element&c_uid=8e951fe9-02d6-4b9d-9780-784a618b3e25;https://www.mercadolibre.com.mx/ofertas?container_id=MLM779363-3&page=3;https://articulo.mercadolibre.com.mx/MLM-1321075025-set-3-bolsas-bandolera-mujer-cosmetiquera-cartera-borla-logo-_JM?hide_psmb=true#position=47&search_layout=grid&type=item&tracking_id=ae4ef520-6273-4c57-aa59-42d6b61e3d99&deal_print_id=6cb2d183-017e-438e-b808-d3c4c88c8990&promotion_type=TODAY_PROMOTION;Set 3 Bolsas Bandolera Mujer Cosmetiquera Cartera Borla Logo;201;49;4.2;1931
1665218533-341;https://www.mercadolibre.com.mx/ofertas#c_id=/home/promotions-recommendations/element&c_uid=8e951fe9-02d6-4b9d-9780-784a618b3e25;https://www.mercadolibre.com.mx/ofertas?container_id=MLM779363-3&page=3;https://articulo.mercadolibre.com.mx/MLM-1471472368-celular-motorola-moto-g42-64-128gb-4gb-ram-oled-liberado-_JM?hide_psmb=true#position=46&search_layout=grid&type=item&tracking_id=ae4ef520-6273-4c57-aa59-42d6b61e3d99&deal_print_id=6cb2d183-017e-438e-b808-d3c4c88c8990&promotion_type=DEAL_OF_THE_DAY;Celular Motorola Moto G42 6.4'' 128gb 4gb Ram Oled Liberado;4799;17;4.2;5
1665218536-342;https://www.mercadolibre.com.mx/ofertas#c_id=/home/promotions-recommendations/element&c_uid=8e951fe9-02d6-4b9d-9780-784a618b3e25;https://www.mercadolibre.com.mx/ofertas?container_id=MLM779363-3&page=3;https://www.mercadolibre.com.mx/taladro-percutor-inalambrico-de-10mm-teeno-5816-1-21v/p/MLM17400725?pdp_filters=deal:MLM779363-3&hide_psmb=true#searchVariation=MLM17400725&position=10&search_layout=grid&type=product&tracking_id=ae4ef520-6273-4c57-aa59-42d6b61e3d99&deal_print_id=6cb2d183-017e-438e-b808-d3c4c88c8990&promotion_type=TODAY_PROMOTION;Taladro percutor inalámbrico de 10mm Teeno 5816-1 21V;719;27;4.5;1192
1665218539-343;https://www.mercadolibre.com.mx/ofertas#c_id=/home/promotions-recommendations/element&c_uid=8e951fe9-02d6-4b9d-9780-784a618b3e25;https://www.mercadolibre.com.mx/ofertas?container_id=MLM779363-3&page=3;https://www.mercadolibre.com.mx/suplemento-en-polvo-optimum-nutrition-gold-standard-100-whey-proteina-sabor-double-rich-chocolate-en-pote-de-227kg/p/MLM6088715?pdp_filters=deal:MLM779363-3&hide_psmb=true#searchVariation=MLM6088715&position=9&search_layout=grid&type=product&tracking_id=ae4ef520-6273-4c57-aa59-42d6b61e3d99&deal_print_id=6cb2d183-017e-438e-b808-d3c4c88c8990&promotion_type=TODAY_PROMOTION;Suplemento en polvo Optimum Nutrition  Gold Standard 100% Whey proteína sabor double rich chocolate en pote de 2.27kg;1519;5;4.3;1104
1665218542-344;https://www.mercadolibre.com.mx/ofertas#c_id=/home/promotions-recommendations/element&c_uid=8e951fe9-02d6-4b9d-9780-784a618b3e25;https://www.mercadolibre.com.mx/ofertas?container_id=MLM779363-3&page=3;https://www.mercadolibre.com.mx/soldadora-inverter-swedish-husky-power-hks125-naranja-y-negra-60hz-110v/p/MLM18606696?pdp_filters=deal:MLM779363-3&hide_psmb=true#searchVariation=MLM18606696&position=8&search_layout=grid&type=product&tracking_id=ae4ef520-6273-4c57-aa59-42d6b61e3d99&deal_print_id=6cb2d183-017e-438e-b808-d3c4c88c8990&promotion_type=TODAY_PROMOTION;Soldadora inverter Swedish Husky Power HKS125 naranja y negra 60Hz 110V;1299;11;4.7;206
1665218545-345;https://www.mercadolibre.com.mx/ofertas#c_id=/home/promotions-recommendations/element&c_uid=8e951fe9-02d6-4b9d-9780-784a618b3e25;https://www.mercadolibre.com.mx/ofertas?container_id=MLM779363-3&page=3;https://articulo.mercadolibre.com.mx/MLM-927483337-reloj-inteligente-fd68-smartwatch-diseno-tipo-uso-rudo-_JM?hide_psmb=true#position=45&search_layout=grid&type=item&tracking_id=ae4ef520-6273-4c57-aa59-42d6b61e3d99&deal_print_id=6cb2d183-017e-438e-b808-d3c4c88c8990&promotion_type=TODAY_PROMOTION;Reloj Inteligente Fd68 Smartwatch Diseño Tipo Uso Rudo;164;25;3;96
1665218548-346;https://www.mercadolibre.com.mx/ofertas#c_id=/home/promotions-recommendations/element&c_uid=8e951fe9-02d6-4b9d-9780-784a618b3e25;https://www.mercadolibre.com.mx/ofertas?container_id=MLM779363-3&page=3;https://www.mercadolibre.com.mx/samsung-galaxy-a03-64-gb-azul-4-gb-ram/p/MLM18955018?pdp_filters=deal:MLM779363-3&hide_psmb=true#searchVariation=MLM18955018&position=7&search_layout=grid&type=product&tracking_id=ae4ef520-6273-4c57-aa59-42d6b61e3d99&deal_print_id=6cb2d183-017e-438e-b808-d3c4c88c8990&promotion_type=DEAL_OF_THE_DAY;Samsung Galaxy A03 64 GB azul 4 GB RAM;2599;18;4.6;314
1665218550-347;https://www.mercadolibre.com.mx/ofertas#c_id=/home/promotions-recommendations/element&c_uid=8e951fe9-02d6-4b9d-9780-784a618b3e25;https://www.mercadolibre.com.mx/ofertas?container_id=MLM779363-3&page=3;https://articulo.mercadolibre.com.mx/MLM-942024912-pack-2-mica-cristal-templado-ipad-987-102-202120202019-_JM?hide_psmb=true#position=44&search_layout=grid&type=item&tracking_id=ae4ef520-6273-4c57-aa59-42d6b61e3d99&deal_print_id=6cb2d183-017e-438e-b808-d3c4c88c8990&promotion_type=TODAY_PROMOTION;Pack 2 Mica Cristal Templado iPad 9/8/7 10.2  2021/2020/2019;145;17;4.5;39
1665218553-348;https://www.mercadolibre.com.mx/ofertas#c_id=/home/promotions-recommendations/element&c_uid=8e951fe9-02d6-4b9d-9780-784a618b3e25;https://www.mercadolibre.com.mx/ofertas?container_id=MLM779363-3&page=3;https://articulo.mercadolibre.com.mx/MLM-1362997215-soporte-cargador-inalambrico-automatica-para-celular-de-auto-_JM?hide_psmb=true#position=43&search_layout=grid&type=item&tracking_id=ae4ef520-6273-4c57-aa59-42d6b61e3d99&deal_print_id=6cb2d183-017e-438e-b808-d3c4c88c8990&promotion_type=TODAY_PROMOTION;Soporte Cargador Inalámbrico Automatica Para Celular De Auto;505;21;null;null
1665218556-349;https://www.mercadolibre.com.mx/ofertas#c_id=/home/promotions-recommendations/element&c_uid=8e951fe9-02d6-4b9d-9780-784a618b3e25;https://www.mercadolibre.com.mx/ofertas?container_id=MLM779363-3&page=3;https://articulo.mercadolibre.com.mx/MLM-1415381881-funda-nillkin-camshield-pro-para-xiaomi-mi-11t-mi-11t-pro-_JM?hide_psmb=true#position=42&search_layout=grid&type=item&tracking_id=ae4ef520-6273-4c57-aa59-42d6b61e3d99&deal_print_id=6cb2d183-017e-438e-b808-d3c4c88c8990&promotion_type=TODAY_PROMOTION;Funda Nillkin Camshield Pro Para Xiaomi Mi 11t / Mi 11t Pro;298;14;null;null
1665218559-350;https://www.mercadolibre.com.mx/ofertas#c_id=/home/promotions-recommendations/element&c_uid=8e951fe9-02d6-4b9d-9780-784a618b3e25;https://www.mercadolibre.com.mx/ofertas?container_id=MLM779363-3&page=3;https://articulo.mercadolibre.com.mx/MLM-806722746-reloj-inteligente-t500-deportivo-contesta-llamadas-_JM?hide_psmb=true#position=41&search_layout=grid&type=item&tracking_id=ae4ef520-6273-4c57-aa59-42d6b61e3d99&deal_print_id=6cb2d183-017e-438e-b808-d3c4c88c8990&promotion_type=TODAY_PROMOTION;Reloj Inteligente T500 Deportivo Contesta Llamadas;235;21;3.4;77
1665218561-351;https://www.mercadolibre.com.mx/ofertas#c_id=/home/promotions-recommendations/element&c_uid=8e951fe9-02d6-4b9d-9780-784a618b3e25;https://www.mercadolibre.com.mx/ofertas?container_id=MLM779363-3&page=3;https://www.mercadolibre.com.mx/aspiradora-trapeadora-robot-ilife-v5s-pro-dorada-100v240v/p/MLM15522190?pdp_filters=deal:MLM779363-3&hide_psmb=true#searchVariation=MLM15522190&position=6&search_layout=grid&type=product&tracking_id=ae4ef520-6273-4c57-aa59-42d6b61e3d99&deal_print_id=6cb2d183-017e-438e-b808-d3c4c88c8990&promotion_type=TODAY_PROMOTION;Aspiradora trapeadora robot ILife V5s Pro dorada 100V/240V;3037;50;4.6;390
1665218564-352;https://www.mercadolibre.com.mx/ofertas#c_id=/home/promotions-recommendations/element&c_uid=8e951fe9-02d6-4b9d-9780-784a618b3e25;https://www.mercadolibre.com.mx/ofertas?container_id=MLM779363-3&page=3;https://articulo.mercadolibre.com.mx/MLM-921863484-kit-combo-8-en-1-impresora-sublimar-sublimacion-pmo-oferta-1-_JM?hide_psmb=true#position=40&search_layout=grid&type=item&tracking_id=ae4ef520-6273-4c57-aa59-42d6b61e3d99&deal_print_id=6cb2d183-017e-438e-b808-d3c4c88c8990&promotion_type=TODAY_PROMOTION;Kit Combo 8 En 1 Impresora Sublimar Sublimación Pmo Oferta 1;10995;37;4.2;32
1665218567-353;https://www.mercadolibre.com.mx/ofertas#c_id=/home/promotions-recommendations/element&c_uid=8e951fe9-02d6-4b9d-9780-784a618b3e25;https://www.mercadolibre.com.mx/ofertas?container_id=MLM779363-3&page=3;https://articulo.mercadolibre.com.mx/MLM-1509272248-arbol-navidad-artificial-pino-nevado-24m-esquimal-_JM?hide_psmb=true#position=39&search_layout=grid&type=item&tracking_id=ae4ef520-6273-4c57-aa59-42d6b61e3d99&deal_print_id=6cb2d183-017e-438e-b808-d3c4c88c8990&promotion_type=TODAY_PROMOTION;Árbol Navidad Artificial Pino Nevado 2.4m -  Esquimal;1998;5;null;null
1665218570-354;https://www.mercadolibre.com.mx/ofertas#c_id=/home/promotions-recommendations/element&c_uid=8e951fe9-02d6-4b9d-9780-784a618b3e25;https://www.mercadolibre.com.mx/ofertas?container_id=MLM779363-3&page=3;https://articulo.mercadolibre.com.mx/MLM-1390040529-zapatos-de-seguridad-de-fibra-de-kevlar-transpirables-_JM?hide_psmb=true#position=38&search_layout=grid&type=item&tracking_id=ae4ef520-6273-4c57-aa59-42d6b61e3d99&deal_print_id=6cb2d183-017e-438e-b808-d3c4c88c8990&promotion_type=TODAY_PROMOTION;Zapatos De Seguridad De Fibra De Kevlar Transpirables;555;5;4.6;87
1665218573-355;https://www.mercadolibre.com.mx/ofertas#c_id=/home/promotions-recommendations/element&c_uid=8e951fe9-02d6-4b9d-9780-784a618b3e25;https://www.mercadolibre.com.mx/ofertas?container_id=MLM779363-3&page=3;https://articulo.mercadolibre.com.mx/MLM-1370630655-guantes-de-nitrilo-libre-de-latex-sin-polvo-azul-negro-_JM?hide_psmb=true#position=37&search_layout=grid&type=item&tracking_id=ae4ef520-6273-4c57-aa59-42d6b61e3d99&deal_print_id=6cb2d183-017e-438e-b808-d3c4c88c8990&promotion_type=TODAY_PROMOTION;Guantes De Nitrilo Libre De Latex Sin Polvo Azul Negro;799;42;4;72
1665218576-356;https://www.mercadolibre.com.mx/ofertas#c_id=/home/promotions-recommendations/element&c_uid=8e951fe9-02d6-4b9d-9780-784a618b3e25;https://www.mercadolibre.com.mx/ofertas?container_id=MLM779363-3&page=3;https://www.mercadolibre.com.mx/xiaomi-redmi-10a-dual-sim-128-gb-plata-cromada-4-gb-ram/p/MLM19103702?pdp_filters=deal:MLM779363-3&hide_psmb=true#searchVariation=MLM19103702&position=5&search_layout=grid&type=product&tracking_id=ae4ef520-6273-4c57-aa59-42d6b61e3d99&deal_print_id=6cb2d183-017e-438e-b808-d3c4c88c8990&promotion_type=TODAY_PROMOTION;Xiaomi Redmi 10A Dual SIM 128 GB plata cromada 4 GB RAM;3427;5;4.5;49
1665218579-357;https://www.mercadolibre.com.mx/ofertas#c_id=/home/promotions-recommendations/element&c_uid=8e951fe9-02d6-4b9d-9780-784a618b3e25;https://www.mercadolibre.com.mx/ofertas?container_id=MLM779363-3&page=3;https://articulo.mercadolibre.com.mx/MLM-1492152617-funda-magnetica-de-metal-transparente-para-iphone-12-13-14-_JM?hide_psmb=true#position=36&search_layout=grid&type=item&tracking_id=ae4ef520-6273-4c57-aa59-42d6b61e3d99&deal_print_id=6cb2d183-017e-438e-b808-d3c4c88c8990&promotion_type=TODAY_PROMOTION;Funda Magnética De Metal Transparente Para iPhone 12 13 14;566;28;null;null
1665218582-358;https://www.mercadolibre.com.mx/ofertas#c_id=/home/promotions-recommendations/element&c_uid=8e951fe9-02d6-4b9d-9780-784a618b3e25;https://www.mercadolibre.com.mx/ofertas?container_id=MLM779363-3&page=3;https://www.mercadolibre.com.mx/apple-watch-series-7-gps-41mm-caja-de-aluminio-color-azul-medianoche-correa-deportiva-azul-medianoche/p/MLM18577724?pdp_filters=deal:MLM779363-3&hide_psmb=true#searchVariation=MLM18577724&position=4&search_layout=grid&type=product&tracking_id=ae4ef520-6273-4c57-aa59-42d6b61e3d99&deal_print_id=6cb2d183-017e-438e-b808-d3c4c88c8990&promotion_type=TODAY_PROMOTION;Apple Watch Series 7 (GPS, 41mm) - Caja de aluminio color azul medianoche - Correa deportiva azul medianoche;9699;3;4.9;59
1665218584-359;https://www.mercadolibre.com.mx/ofertas#c_id=/home/promotions-recommendations/element&c_uid=8e951fe9-02d6-4b9d-9780-784a618b3e25;https://www.mercadolibre.com.mx/ofertas?container_id=MLM779363-3&page=3;https://articulo.mercadolibre.com.mx/MLM-959867429-aspirador-de-mano-portatil-para-hogar-y-automovil-_JM?hide_psmb=true#position=35&search_layout=grid&type=item&tracking_id=ae4ef520-6273-4c57-aa59-42d6b61e3d99&deal_print_id=6cb2d183-017e-438e-b808-d3c4c88c8990&promotion_type=DEAL_OF_THE_DAY;Aspirador De Mano Portátil Para Hogar Y Automóvil;540;18;4.3;180
1665218587-360;https://www.mercadolibre.com.mx/ofertas#c_id=/home/promotions-recommendations/element&c_uid=8e951fe9-02d6-4b9d-9780-784a618b3e25;https://www.mercadolibre.com.mx/ofertas?container_id=MLM779363-3&page=3;https://articulo.mercadolibre.com.mx/MLM-1391848631-protector-solar-facial-nivea-sun-control-brillo-x2-100ml-_JM?hide_psmb=true#position=34&search_layout=grid&type=item&tracking_id=ae4ef520-6273-4c57-aa59-42d6b61e3d99&deal_print_id=6cb2d183-017e-438e-b808-d3c4c88c8990&promotion_type=TODAY_PROMOTION;Protector Solar Facial Nivea Sun Control Brillo X2 - 100ml;365;23;null;null
1665218590-361;https://www.mercadolibre.com.mx/ofertas#c_id=/home/promotions-recommendations/element&c_uid=8e951fe9-02d6-4b9d-9780-784a618b3e25;https://www.mercadolibre.com.mx/ofertas?container_id=MLM779363-3&page=3;https://www.mercadolibre.com.mx/xiaomi-pocophone-poco-f4-dual-sim-256-gb-moonsilver-8-gb-ram/p/MLM19488848?pdp_filters=deal:MLM779363-3&hide_psmb=true#searchVariation=MLM19488848&position=3&search_layout=grid&type=product&tracking_id=ae4ef520-6273-4c57-aa59-42d6b61e3d99&deal_print_id=6cb2d183-017e-438e-b808-d3c4c88c8990&promotion_type=TODAY_PROMOTION;Xiaomi Pocophone Poco F4 Dual SIM 256 GB moonsilver 8 GB RAM;8149;7;4.8;53
1665218593-362;https://www.mercadolibre.com.mx/ofertas#c_id=/home/promotions-recommendations/element&c_uid=8e951fe9-02d6-4b9d-9780-784a618b3e25;https://www.mercadolibre.com.mx/ofertas?container_id=MLM779363-3&page=3;https://articulo.mercadolibre.com.mx/MLM-1399932264-para-la-pantalla-tactil-de-xiaomi-redmi-note-77-pro-lcd-_JM?hide_psmb=true#position=33&search_layout=grid&type=item&tracking_id=ae4ef520-6273-4c57-aa59-42d6b61e3d99&deal_print_id=6cb2d183-017e-438e-b808-d3c4c88c8990&promotion_type=TODAY_PROMOTION;Para La Pantalla Táctil De Xiaomi Redmi Note 7/7 Pro Lcd;658;23;null;null
1665218596-363;https://www.mercadolibre.com.mx/ofertas#c_id=/home/promotions-recommendations/element&c_uid=8e951fe9-02d6-4b9d-9780-784a618b3e25;https://www.mercadolibre.com.mx/ofertas?container_id=MLM779363-3&page=3;https://articulo.mercadolibre.com.mx/MLM-809231601-tira-de-luces-led-app-bluetooth-control-5050-rgb-20m-2x10m-_JM?hide_psmb=true#position=32&search_layout=grid&type=item&tracking_id=ae4ef520-6273-4c57-aa59-42d6b61e3d99&deal_print_id=6cb2d183-017e-438e-b808-d3c4c88c8990&promotion_type=TODAY_PROMOTION;Tira De Luces Led App Bluetooth Control 5050 Rgb 20m (2x10m);396;64;4.6;989
1665218598-364;https://www.mercadolibre.com.mx/ofertas#c_id=/home/promotions-recommendations/element&c_uid=8e951fe9-02d6-4b9d-9780-784a618b3e25;https://www.mercadolibre.com.mx/ofertas?container_id=MLM779363-3&page=3;https://articulo.mercadolibre.com.mx/MLM-911089850-funda-apple-para-iphone-11-pro-leather-case-original-cafe-_JM?hide_psmb=true#position=31&search_layout=grid&type=item&tracking_id=ae4ef520-6273-4c57-aa59-42d6b61e3d99&deal_print_id=6cb2d183-017e-438e-b808-d3c4c88c8990&promotion_type=TODAY_PROMOTION;Funda Apple Para iPhone 11 Pro Leather Case Original Cafe;750;24;4.5;6
1665218601-365;https://www.mercadolibre.com.mx/ofertas#c_id=/home/promotions-recommendations/element&c_uid=8e951fe9-02d6-4b9d-9780-784a618b3e25;https://www.mercadolibre.com.mx/ofertas?container_id=MLM779363-3&page=3;https://articulo.mercadolibre.com.mx/MLM-1360652246-reloj-inteligente-con-pantalla-tactil-de-14realme-watch-2-_JM?hide_psmb=true#position=30&search_layout=grid&type=item&tracking_id=ae4ef520-6273-4c57-aa59-42d6b61e3d99&deal_print_id=6cb2d183-017e-438e-b808-d3c4c88c8990&promotion_type=TODAY_PROMOTION;Reloj Inteligente Con Pantalla Táctil De 1,4/realme Watch 2;510;55;4.4;69
1665218604-366;https://www.mercadolibre.com.mx/ofertas#c_id=/home/promotions-recommendations/element&c_uid=8e951fe9-02d6-4b9d-9780-784a618b3e25;https://www.mercadolibre.com.mx/ofertas?container_id=MLM779363-3&page=3;https://articulo.mercadolibre.com.mx/MLM-1438804997-celular-samsung-galaxy-a03-core-32gb-2gb-ram-liberado-dorado-_JM?hide_psmb=true#position=29&search_layout=grid&type=item&tracking_id=ae4ef520-6273-4c57-aa59-42d6b61e3d99&deal_print_id=6cb2d183-017e-438e-b808-d3c4c88c8990&promotion_type=TODAY_PROMOTION;Celular Samsung Galaxy A03 Core 32gb 2gb Ram Liberado Dorado;2199;4;5;7
1665218607-367;https://www.mercadolibre.com.mx/ofertas#c_id=/home/promotions-recommendations/element&c_uid=8e951fe9-02d6-4b9d-9780-784a618b3e25;https://www.mercadolibre.com.mx/ofertas?container_id=MLM779363-3&page=3;https://articulo.mercadolibre.com.mx/MLM-1457455367-tenis-de-entrenamiento-hombre-nike-air-max-alpha-trainer-5-_JM?hide_psmb=true#position=28&search_layout=grid&type=item&tracking_id=ae4ef520-6273-4c57-aa59-42d6b61e3d99&deal_print_id=6cb2d183-017e-438e-b808-d3c4c88c8990&promotion_type=TODAY_PROMOTION;Tenis De Entrenamiento Hombre Nike Air Max Alpha Trainer 5;1889;10;4.9;16
1665218610-368;https://www.mercadolibre.com.mx/ofertas#c_id=/home/promotions-recommendations/element&c_uid=8e951fe9-02d6-4b9d-9780-784a618b3e25;https://www.mercadolibre.com.mx/ofertas?container_id=MLM779363-3&page=3;https://articulo.mercadolibre.com.mx/MLM-1429252004-monitor-led-22-qtouch-qt-2200-hd-2022-garantia-_JM?hide_psmb=true#position=27&search_layout=grid&type=item&tracking_id=ae4ef520-6273-4c57-aa59-42d6b61e3d99&deal_print_id=6cb2d183-017e-438e-b808-d3c4c88c8990&promotion_type=DEAL_OF_THE_DAY;Monitor Led 22 Qtouch Qt-2200 Hd 2022 Garantia;1715;9;4.1;23
1665218612-369;https://www.mercadolibre.com.mx/ofertas#c_id=/home/promotions-recommendations/element&c_uid=8e951fe9-02d6-4b9d-9780-784a618b3e25;https://www.mercadolibre.com.mx/ofertas?container_id=MLM779363-3&page=3;https://articulo.mercadolibre.com.mx/MLM-882420284-cubrebocas-kn95-tapabocas-5-capas-reutilizables-certificado-_JM?hide_psmb=true#position=26&search_layout=grid&type=item&tracking_id=ae4ef520-6273-4c57-aa59-42d6b61e3d99&deal_print_id=6cb2d183-017e-438e-b808-d3c4c88c8990&promotion_type=DEAL_OF_THE_DAY;Cubrebocas Kn95 Tapabocas 5 Capas Reutilizables Certificado;219;26;4.2;1512
1665218615-370;https://www.mercadolibre.com.mx/ofertas#c_id=/home/promotions-recommendations/element&c_uid=8e951fe9-02d6-4b9d-9780-784a618b3e25;https://www.mercadolibre.com.mx/ofertas?container_id=MLM779363-3&page=3;https://articulo.mercadolibre.com.mx/MLM-1338388112-tenis-de-seguridad-kevlar-con-puntera-de-acero-_JM?hide_psmb=true#position=25&search_layout=grid&type=item&tracking_id=ae4ef520-6273-4c57-aa59-42d6b61e3d99&deal_print_id=6cb2d183-017e-438e-b808-d3c4c88c8990&promotion_type=TODAY_PROMOTION;Tenis De Seguridad Kevlar Con Puntera De Acero;578;51;4.7;276
1665218618-371;https://www.mercadolibre.com.mx/ofertas#c_id=/home/promotions-recommendations/element&c_uid=8e951fe9-02d6-4b9d-9780-784a618b3e25;https://www.mercadolibre.com.mx/ofertas?container_id=MLM779363-3&page=3;https://articulo.mercadolibre.com.mx/MLM-1405118853-pantalla-lcd-tactil-para-lg-k51-lm-k500um-alta-calidad-_JM?hide_psmb=true#position=24&search_layout=grid&type=item&tracking_id=ae4ef520-6273-4c57-aa59-42d6b61e3d99&deal_print_id=6cb2d183-017e-438e-b808-d3c4c88c8990&promotion_type=TODAY_PROMOTION;Pantalla Lcd Táctil Para LG K51 Lm-k500um Alta Calidad;645;20;null;null
1665218621-372;https://www.mercadolibre.com.mx/ofertas#c_id=/home/promotions-recommendations/element&c_uid=8e951fe9-02d6-4b9d-9780-784a618b3e25;https://www.mercadolibre.com.mx/ofertas?container_id=MLM779363-3&page=3;https://www.mercadolibre.com.mx/samsung-galaxy-a52-128-gb-violeta-sorprendente-6-gb-ram/p/MLM17493812?pdp_filters=deal:MLM779363-3&hide_psmb=true#searchVariation=MLM17493812&position=2&search_layout=grid&type=product&tracking_id=ae4ef520-6273-4c57-aa59-42d6b61e3d99&deal_print_id=6cb2d183-017e-438e-b808-d3c4c88c8990&promotion_type=TODAY_PROMOTION;Samsung Galaxy A52 128 GB violeta sorprendente 6 GB RAM;6499;15;4.7;1466
1665218623-373;https://www.mercadolibre.com.mx/ofertas#c_id=/home/promotions-recommendations/element&c_uid=8e951fe9-02d6-4b9d-9780-784a618b3e25;https://www.mercadolibre.com.mx/ofertas?container_id=MLM779363-3&page=3;https://articulo.mercadolibre.com.mx/MLM-1454176011-funda-cargador-magsafe-camara-para-iphone-transparente-_JM?hide_psmb=true#position=23&search_layout=grid&type=item&tracking_id=ae4ef520-6273-4c57-aa59-42d6b61e3d99&deal_print_id=6cb2d183-017e-438e-b808-d3c4c88c8990&promotion_type=TODAY_PROMOTION;Funda + Cargador Magsafe + Cámara Para iPhone Transparente;531;17;null;null
1665218626-374;https://www.mercadolibre.com.mx/ofertas#c_id=/home/promotions-recommendations/element&c_uid=8e951fe9-02d6-4b9d-9780-784a618b3e25;https://www.mercadolibre.com.mx/ofertas?container_id=MLM779363-3&page=3;https://articulo.mercadolibre.com.mx/MLM-1404029277-pantalla-hisense-50a6-50-4k-60hz-bluetooth-google-tv-_JM?hide_psmb=true#position=22&search_layout=grid&type=item&tracking_id=ae4ef520-6273-4c57-aa59-42d6b61e3d99&deal_print_id=6cb2d183-017e-438e-b808-d3c4c88c8990&promotion_type=DEAL_OF_THE_DAY;Pantalla Hisense 50a6 50'' 4k 60hz Bluetooth Google Tv;8399;37;4.8;56
1665218629-375;https://www.mercadolibre.com.mx/ofertas#c_id=/home/promotions-recommendations/element&c_uid=8e951fe9-02d6-4b9d-9780-784a618b3e25;https://www.mercadolibre.com.mx/ofertas?container_id=MLM779363-3&page=3;https://articulo.mercadolibre.com.mx/MLM-1317317457-reloj-inteligente-huawei-watch-fit-164-ritmo-cardiaco-spo2-_JM?hide_psmb=true#position=21&search_layout=grid&type=item&tracking_id=ae4ef520-6273-4c57-aa59-42d6b61e3d99&deal_print_id=6cb2d183-017e-438e-b808-d3c4c88c8990&promotion_type=TODAY_PROMOTION;Reloj Inteligente Huawei Watch Fit 1.64, Ritmo Cardíaco Spo2;1774;10;4.8;974
1665218632-376;https://www.mercadolibre.com.mx/ofertas#c_id=/home/promotions-recommendations/element&c_uid=8e951fe9-02d6-4b9d-9780-784a618b3e25;https://www.mercadolibre.com.mx/ofertas?container_id=MLM779363-3&page=3;https://articulo.mercadolibre.com.mx/MLM-911016561-cubrebocas-tricapa-termosellado-plisado-negro-300-piezas-_JM?hide_psmb=true#position=20&search_layout=grid&type=item&tracking_id=ae4ef520-6273-4c57-aa59-42d6b61e3d99&deal_print_id=6cb2d183-017e-438e-b808-d3c4c88c8990&promotion_type=TODAY_PROMOTION;Cubrebocas Tricapa Termosellado Plisado Negro 300 Piezas;189;14;4.2;774
1665218635-377;https://www.mercadolibre.com.mx/ofertas#c_id=/home/promotions-recommendations/element&c_uid=8e951fe9-02d6-4b9d-9780-784a618b3e25;https://www.mercadolibre.com.mx/ofertas?container_id=MLM779363-3&page=3;https://articulo.mercadolibre.com.mx/MLM-1505380992-funda-para-iphone-14promaxpro-max-otter-box-defenderclip-_JM?hide_psmb=true#position=19&search_layout=grid&type=item&tracking_id=ae4ef520-6273-4c57-aa59-42d6b61e3d99&deal_print_id=6cb2d183-017e-438e-b808-d3c4c88c8990&promotion_type=TODAY_PROMOTION;Funda Para iPhone 14/pro/max/pro Max Otter Box Defender+clip;417;5;null;null
1665218637-378;https://www.mercadolibre.com.mx/ofertas#c_id=/home/promotions-recommendations/element&c_uid=8e951fe9-02d6-4b9d-9780-784a618b3e25;https://www.mercadolibre.com.mx/ofertas?container_id=MLM779363-3&page=3;https://articulo.mercadolibre.com.mx/MLM-1303116159-popping-pearl-perlas-explosivas-3-kg-soda-italiana-_JM?hide_psmb=true#position=18&search_layout=grid&type=item&tracking_id=ae4ef520-6273-4c57-aa59-42d6b61e3d99&deal_print_id=6cb2d183-017e-438e-b808-d3c4c88c8990&promotion_type=DEAL_OF_THE_DAY;Popping Pearl / Perlas Explosivas 3 Kg Soda Italiana;418;7;4.6;37
1665218640-379;https://www.mercadolibre.com.mx/ofertas#c_id=/home/promotions-recommendations/element&c_uid=8e951fe9-02d6-4b9d-9780-784a618b3e25;https://www.mercadolibre.com.mx/ofertas?container_id=MLM779363-3&page=3;https://www.mercadolibre.com.mx/smartwatch-dizo-watch-14-caja-carbon-grey-malla-de-silicona/p/MLM18452850?pdp_filters=deal:MLM779363-3&hide_psmb=true#searchVariation=MLM18452850&position=1&search_layout=grid&type=product&tracking_id=ae4ef520-6273-4c57-aa59-42d6b61e3d99&deal_print_id=6cb2d183-017e-438e-b808-d3c4c88c8990&promotion_type=DEAL_OF_THE_DAY;"Smartwatch Dizo Watch 1.4"" caja carbon grey, malla de  silicona";488;34;4.6;310
1665218643-380;https://www.mercadolibre.com.mx/ofertas#c_id=/home/promotions-recommendations/element&c_uid=8e951fe9-02d6-4b9d-9780-784a618b3e25;https://www.mercadolibre.com.mx/ofertas?container_id=MLM779363-3&page=3;https://articulo.mercadolibre.com.mx/MLM-961832404-tiras-de-led-rgb-20-metros-wifi-luces-led-alexa-app-control-_JM?hide_psmb=true#position=17&search_layout=grid&type=item&tracking_id=ae4ef520-6273-4c57-aa59-42d6b61e3d99&deal_print_id=6cb2d183-017e-438e-b808-d3c4c88c8990&promotion_type=TODAY_PROMOTION;Tiras De Led Rgb 20 Metros Wifi Luces Led Alexa App Control;474;63;4.6;794
1665218646-381;https://www.mercadolibre.com.mx/ofertas#c_id=/home/promotions-recommendations/element&c_uid=8e951fe9-02d6-4b9d-9780-784a618b3e25;https://www.mercadolibre.com.mx/ofertas?container_id=MLM779363-3&page=3;https://articulo.mercadolibre.com.mx/MLM-1489126491-xiaomi-12-lite-128gb-8gb-negro-_JM?hide_psmb=true#position=16&search_layout=grid&type=item&tracking_id=ae4ef520-6273-4c57-aa59-42d6b61e3d99&deal_print_id=6cb2d183-017e-438e-b808-d3c4c88c8990&promotion_type=TODAY_PROMOTION;Xiaomi 12 Lite 128gb 8gb Negro;7999;29;4.8;30
1665218649-382;https://www.mercadolibre.com.mx/ofertas#c_id=/home/promotions-recommendations/element&c_uid=8e951fe9-02d6-4b9d-9780-784a618b3e25;https://www.mercadolibre.com.mx/ofertas?container_id=MLM779363-3&page=3;https://articulo.mercadolibre.com.mx/MLM-785127213-chamarra-tactica-militar-shark-termica-contra-agua-hombre-_JM?hide_psmb=true#position=15&search_layout=grid&type=item&tracking_id=ae4ef520-6273-4c57-aa59-42d6b61e3d99&deal_print_id=6cb2d183-017e-438e-b808-d3c4c88c8990&promotion_type=TODAY_PROMOTION;Chamarra Táctica Militar Shark Térmica Contra Agua Hombre;672;10;4.6;388
1665218652-383;https://www.mercadolibre.com.mx/ofertas#c_id=/home/promotions-recommendations/element&c_uid=8e951fe9-02d6-4b9d-9780-784a618b3e25;https://www.mercadolibre.com.mx/ofertas?container_id=MLM779363-3&page=3;https://articulo.mercadolibre.com.mx/MLM-839400643-mica-de-hidrogel-para-modelos-xiaomi-ver-fotos-_JM?hide_psmb=true#position=14&search_layout=grid&type=item&tracking_id=ae4ef520-6273-4c57-aa59-42d6b61e3d99&deal_print_id=6cb2d183-017e-438e-b808-d3c4c88c8990&promotion_type=TODAY_PROMOTION;Mica De Hidrogel Para Modelos Xiaomi (ver Fotos);73;17;3.9;481
1665218654-384;https://www.mercadolibre.com.mx/ofertas#c_id=/home/promotions-recommendations/element&c_uid=8e951fe9-02d6-4b9d-9780-784a618b3e25;https://www.mercadolibre.com.mx/ofertas?container_id=MLM779363-3&page=3;https://articulo.mercadolibre.com.mx/MLM-849536557-funda-para-iphone-12minipromax-otter-box-defender-clip-_JM?hide_psmb=true#position=13&search_layout=grid&type=item&tracking_id=ae4ef520-6273-4c57-aa59-42d6b61e3d99&deal_print_id=6cb2d183-017e-438e-b808-d3c4c88c8990&promotion_type=TODAY_PROMOTION;Funda Para iPhone 12mini/pro/max Otter Box Defender +clip;331;17;4.6;69
1665218657-385;https://www.mercadolibre.com.mx/ofertas#c_id=/home/promotions-recommendations/element&c_uid=8e951fe9-02d6-4b9d-9780-784a618b3e25;https://www.mercadolibre.com.mx/ofertas?container_id=MLM779363-3&page=3;https://articulo.mercadolibre.com.mx/MLM-1473230204-reloj-inteligente-deportivo-bluetooth-smartwatch-para-mujer-_JM?hide_psmb=true#position=12&search_layout=grid&type=item&tracking_id=ae4ef520-6273-4c57-aa59-42d6b61e3d99&deal_print_id=6cb2d183-017e-438e-b808-d3c4c88c8990&promotion_type=TODAY_PROMOTION;Reloj Inteligente Deportivo Bluetooth, Smartwatch Para Mujer;747;15;5;20
1665218664-386;https://www.mercadolibre.com.mx/ofertas#c_id=/home/promotions-recommendations/element&c_uid=8e951fe9-02d6-4b9d-9780-784a618b3e25;https://www.mercadolibre.com.mx/ofertas?container_id=MLM779363-3&page=4;https://www.mercadolibre.com.mx/zte-blade-a71-64-gb-blue-3-gb-ram/p/MLM18576544?pdp_filters=deal:MLM779363-3&hide_psmb=true#searchVariation=MLM18576544&position=9&search_layout=grid&type=product&tracking_id=7fdc19f1-44bd-45e8-a7aa-334345d760f4&deal_print_id=f8660119-483a-43f0-8a1c-88cc2f0bc476&promotion_type=TODAY_PROMOTION;ZTE Blade A71 64 GB blue 3 GB RAM;2564;35;4.4;78
1665218667-387;https://www.mercadolibre.com.mx/ofertas#c_id=/home/promotions-recommendations/element&c_uid=8e951fe9-02d6-4b9d-9780-784a618b3e25;https://www.mercadolibre.com.mx/ofertas?container_id=MLM779363-3&page=4;https://articulo.mercadolibre.com.mx/MLM-927566170-sabanas-king-2500-hilos-tacto-suave-egipcio-premium-_JM?hide_psmb=true#position=48&search_layout=grid&type=item&tracking_id=7fdc19f1-44bd-45e8-a7aa-334345d760f4&deal_print_id=f8660119-483a-43f0-8a1c-88cc2f0bc476&promotion_type=TODAY_PROMOTION;Sábanas King 2500 Hilos Tacto Suave Egipcio Premium;298;25;4.5;773
1665218723-388;https://www.mercadolibre.com.mx/ofertas#c_id=/home/promotions-recommendations/element&c_uid=8e951fe9-02d6-4b9d-9780-784a618b3e25;https://www.mercadolibre.com.mx/ofertas?container_id=MLM779363-3&page=4;https://articulo.mercadolibre.com.mx/MLM-1393862281-silla-gamer-economica-reclinable-ergonomica-ouo-_JM?hide_psmb=true#position=29&search_layout=grid&type=item&tracking_id=7fdc19f1-44bd-45e8-a7aa-334345d760f4&deal_print_id=f8660119-483a-43f0-8a1c-88cc2f0bc476&promotion_type=TODAY_PROMOTION;Silla Gamer Económica Reclinable Ergonómica Ouo;2074;17;4.3;27
1665218726-389;https://www.mercadolibre.com.mx/ofertas#c_id=/home/promotions-recommendations/element&c_uid=8e951fe9-02d6-4b9d-9780-784a618b3e25;https://www.mercadolibre.com.mx/ofertas?container_id=MLM779363-3&page=4;https://articulo.mercadolibre.com.mx/MLM-1353085849-celular-samsung-galaxy-s21-fe-256gb-8gb-ram-liberado-blanco-_JM?hide_psmb=true#position=28&search_layout=grid&type=item&tracking_id=7fdc19f1-44bd-45e8-a7aa-334345d760f4&deal_print_id=f8660119-483a-43f0-8a1c-88cc2f0bc476&promotion_type=TODAY_PROMOTION;Celular Samsung Galaxy S21 Fe 256gb 8gb Ram Liberado Blanco;12499;30;null;null
1665218729-390;https://www.mercadolibre.com.mx/ofertas#c_id=/home/promotions-recommendations/element&c_uid=8e951fe9-02d6-4b9d-9780-784a618b3e25;https://www.mercadolibre.com.mx/ofertas?container_id=MLM779363-3&page=4;https://articulo.mercadolibre.com.mx/MLM-1482428163-paquete-de-4-sudaderas-hoodie-capucha-hombre-colores-gruesa-_JM?hide_psmb=true#position=27&search_layout=grid&type=item&tracking_id=7fdc19f1-44bd-45e8-a7aa-334345d760f4&deal_print_id=f8660119-483a-43f0-8a1c-88cc2f0bc476&promotion_type=TODAY_PROMOTION;Paquete De 4 Sudaderas Hoodie Capucha Hombre  Colores Gruesa;899;47;null;null
1665218731-391;https://www.mercadolibre.com.mx/ofertas#c_id=/home/promotions-recommendations/element&c_uid=8e951fe9-02d6-4b9d-9780-784a618b3e25;https://www.mercadolibre.com.mx/ofertas?container_id=MLM779363-3&page=4;https://articulo.mercadolibre.com.mx/MLM-952834080-guante-synamax-vinil-nitrilo-libre-de-latex-_JM?hide_psmb=true#position=26&search_layout=grid&type=item&tracking_id=7fdc19f1-44bd-45e8-a7aa-334345d760f4&deal_print_id=f8660119-483a-43f0-8a1c-88cc2f0bc476&promotion_type=DEAL_OF_THE_DAY;Guante Synamax Vinil Nitrilo Libre De Latex;96;43;4.2;935
1665218734-392;https://www.mercadolibre.com.mx/ofertas#c_id=/home/promotions-recommendations/element&c_uid=8e951fe9-02d6-4b9d-9780-784a618b3e25;https://www.mercadolibre.com.mx/ofertas?container_id=MLM779363-3&page=4;https://articulo.mercadolibre.com.mx/MLM-843433423-power-bank-20000-mah-bateria-portatil-con-cable-_JM?hide_psmb=true#position=25&search_layout=grid&type=item&tracking_id=7fdc19f1-44bd-45e8-a7aa-334345d760f4&deal_print_id=f8660119-483a-43f0-8a1c-88cc2f0bc476&promotion_type=TODAY_PROMOTION;Power Bank 20000 Mah Bateria Portatil Con Cable;431;17;3.2;34
1665218737-393;https://www.mercadolibre.com.mx/ofertas#c_id=/home/promotions-recommendations/element&c_uid=8e951fe9-02d6-4b9d-9780-784a618b3e25;https://www.mercadolibre.com.mx/ofertas?container_id=MLM779363-3&page=4;https://articulo.mercadolibre.com.mx/MLM-1464053414-pantalla-lcd-display-touch-compatible-con-iphone-8-plus-_JM?hide_psmb=true#position=24&search_layout=grid&type=item&tracking_id=7fdc19f1-44bd-45e8-a7aa-334345d760f4&deal_print_id=f8660119-483a-43f0-8a1c-88cc2f0bc476&promotion_type=TODAY_PROMOTION;Pantalla Lcd Display Touch Compatible Con iPhone 8 Plus;480;17;null;null
1665218740-394;https://www.mercadolibre.com.mx/ofertas#c_id=/home/promotions-recommendations/element&c_uid=8e951fe9-02d6-4b9d-9780-784a618b3e25;https://www.mercadolibre.com.mx/ofertas?container_id=MLM779363-3&page=4;https://articulo.mercadolibre.com.mx/MLM-1392498186-celular-samsung-galaxy-a13-4g-128gb-4gb-ram-liberado-azul-_JM?hide_psmb=true#position=23&search_layout=grid&type=item&tracking_id=7fdc19f1-44bd-45e8-a7aa-334345d760f4&deal_print_id=f8660119-483a-43f0-8a1c-88cc2f0bc476&promotion_type=TODAY_PROMOTION;Celular Samsung Galaxy A13 4g 128gb 4gb Ram Liberado Azul;4199;16;4.6;74
1665218743-395;https://www.mercadolibre.com.mx/ofertas#c_id=/home/promotions-recommendations/element&c_uid=8e951fe9-02d6-4b9d-9780-784a618b3e25;https://www.mercadolibre.com.mx/ofertas?container_id=MLM779363-3&page=4;https://articulo.mercadolibre.com.mx/MLM-1412235951-set-de-4-sillas-minimalistas-modernas-tipo-eames-comedor-_JM?hide_psmb=true#position=22&search_layout=grid&type=item&tracking_id=7fdc19f1-44bd-45e8-a7aa-334345d760f4&deal_print_id=f8660119-483a-43f0-8a1c-88cc2f0bc476&promotion_type=TODAY_PROMOTION;Set De 4 Sillas Minimalistas Modernas Tipo Eames Comedor;1599;20;3.4;58
1665218745-396;https://www.mercadolibre.com.mx/ofertas#c_id=/home/promotions-recommendations/element&c_uid=8e951fe9-02d6-4b9d-9780-784a618b3e25;https://www.mercadolibre.com.mx/ofertas?container_id=MLM779363-3&page=4;https://articulo.mercadolibre.com.mx/MLM-1472405682-2-piezas-privacidad-de-hidrogel-mica-para-huawei-honor-_JM?hide_psmb=true#position=21&search_layout=grid&type=item&tracking_id=7fdc19f1-44bd-45e8-a7aa-334345d760f4&deal_print_id=f8660119-483a-43f0-8a1c-88cc2f0bc476&promotion_type=TODAY_PROMOTION;2 Piezas Privacidad De Hidrogel Mica Para Huawei Honor;172;40;null;null
1665218748-397;https://www.mercadolibre.com.mx/ofertas#c_id=/home/promotions-recommendations/element&c_uid=8e951fe9-02d6-4b9d-9780-784a618b3e25;https://www.mercadolibre.com.mx/ofertas?container_id=MLM779363-3&page=4;https://articulo.mercadolibre.com.mx/MLM-683707123-silla-de-ruedas-economica-_JM?hide_psmb=true#position=20&search_layout=grid&type=item&tracking_id=7fdc19f1-44bd-45e8-a7aa-334345d760f4&deal_print_id=f8660119-483a-43f0-8a1c-88cc2f0bc476&promotion_type=TODAY_PROMOTION;Silla De Ruedas Económica;2559;14;4.8;214
1665218787-398;https://www.mercadolibre.com.mx/ofertas#c_id=/home/promotions-recommendations/element&c_uid=8e951fe9-02d6-4b9d-9780-784a618b3e25;;https://www.mercadolibre.com.mx/xiaomi-pocophone-poco-x4-pro-5g-dual-sim-256-gb-laser-black-8-gb-ram/p/MLM18968544?pdp_filters=deal:MLM779363-3&hide_psmb=true#searchVariation=MLM18968544&position=16&search_layout=grid&type=product&tracking_id=ac97bf14-31df-422c-8a6a-11e56cf8e811&deal_print_id=982db9da-6f44-461b-8a2e-53740bfcc9c3&promotion_type=TODAY_PROMOTION;Xiaomi Pocophone Poco X4 Pro 5G Dual SIM 256 GB laser black 8 GB RAM;6848;6;4.6;850
1665218790-399;https://www.mercadolibre.com.mx/ofertas#c_id=/home/promotions-recommendations/element&c_uid=8e951fe9-02d6-4b9d-9780-784a618b3e25;;https://articulo.mercadolibre.com.mx/MLM-1377777502-proyector-xgody-led-android-wifi-8k-full-hd-1080p-8000lumens-_JM?hide_psmb=true#position=46&search_layout=grid&type=item&tracking_id=ac97bf14-31df-422c-8a6a-11e56cf8e811&deal_print_id=982db9da-6f44-461b-8a2e-53740bfcc9c3&promotion_type=DEAL_OF_THE_DAY;Proyector Xgody Led Android Wifi 8k Full Hd 1080p 8000lumens;3616;25;5;187
1665218793-400;https://www.mercadolibre.com.mx/ofertas#c_id=/home/promotions-recommendations/element&c_uid=8e951fe9-02d6-4b9d-9780-784a618b3e25;;https://articulo.mercadolibre.com.mx/MLM-794454274-funda-para-iphone-11pro11-pro-max-otter-box-defenderclip-_JM?hide_psmb=true#position=45&search_layout=grid&type=item&tracking_id=ac97bf14-31df-422c-8a6a-11e56cf8e811&deal_print_id=982db9da-6f44-461b-8a2e-53740bfcc9c3&promotion_type=TODAY_PROMOTION;Funda Para iPhone 11/pro/11 Pro Max Otter Box Defender+clip;347;13;4.8;54
1665218796-401;https://www.mercadolibre.com.mx/ofertas#c_id=/home/promotions-recommendations/element&c_uid=8e951fe9-02d6-4b9d-9780-784a618b3e25;;https://articulo.mercadolibre.com.mx/MLM-903660533-tenis-para-hombre-nike-air-max-sc-_JM?hide_psmb=true#position=44&search_layout=grid&type=item&tracking_id=ac97bf14-31df-422c-8a6a-11e56cf8e811&deal_print_id=982db9da-6f44-461b-8a2e-53740bfcc9c3&promotion_type=TODAY_PROMOTION;Tenis Para Hombre Nike Air Max Sc;1519;20;4.5;454
1665218798-402;https://www.mercadolibre.com.mx/ofertas#c_id=/home/promotions-recommendations/element&c_uid=8e951fe9-02d6-4b9d-9780-784a618b3e25;;https://articulo.mercadolibre.com.mx/MLM-648716729-lentes-para-celular-apexel-con-tripie-obturador-y-zoom-18x-_JM?hide_psmb=true#position=43&search_layout=grid&type=item&tracking_id=ac97bf14-31df-422c-8a6a-11e56cf8e811&deal_print_id=982db9da-6f44-461b-8a2e-53740bfcc9c3&promotion_type=TODAY_PROMOTION;Lentes Para Celular Apexel Con Tripie, Obturador Y Zoom 18x;497;17;4.3;39
1665218801-403;https://www.mercadolibre.com.mx/ofertas#c_id=/home/promotions-recommendations/element&c_uid=8e951fe9-02d6-4b9d-9780-784a618b3e25;;https://articulo.mercadolibre.com.mx/MLM-1321074683-reloj-deportivo-inteligente-bluetooth-impermeable-_JM?hide_psmb=true#position=42&search_layout=grid&type=item&tracking_id=ac97bf14-31df-422c-8a6a-11e56cf8e811&deal_print_id=982db9da-6f44-461b-8a2e-53740bfcc9c3&promotion_type=TODAY_PROMOTION;Reloj Deportivo Inteligente Bluetooth Impermeable;464;51;4.4;194
1665218804-404;https://www.mercadolibre.com.mx/ofertas#c_id=/home/promotions-recommendations/element&c_uid=8e951fe9-02d6-4b9d-9780-784a618b3e25;;https://www.mercadolibre.com.mx/xiaomi-pocophone-poco-m3-pro-5g-dual-sim-128-gb-power-black-6-gb-ram/p/MLM18061589?pdp_filters=deal:MLM779363-3&hide_psmb=true#searchVariation=MLM18061589&position=15&search_layout=grid&type=product&tracking_id=ac97bf14-31df-422c-8a6a-11e56cf8e811&deal_print_id=982db9da-6f44-461b-8a2e-53740bfcc9c3&promotion_type=TODAY_PROMOTION;Xiaomi Pocophone Poco M3 Pro 5G Dual SIM 128 GB power black 6 GB RAM;4366;6;4.6;1389
1665218807-405;https://www.mercadolibre.com.mx/ofertas#c_id=/home/promotions-recommendations/element&c_uid=8e951fe9-02d6-4b9d-9780-784a618b3e25;;https://articulo.mercadolibre.com.mx/MLM-1437050524-protector-mica-lente-camara-para-iphone-individual-metal-_JM?hide_psmb=true#position=41&search_layout=grid&type=item&tracking_id=ac97bf14-31df-422c-8a6a-11e56cf8e811&deal_print_id=982db9da-6f44-461b-8a2e-53740bfcc9c3&promotion_type=TODAY_PROMOTION;Protector Mica Lente Cámara Para iPhone Individual Metal;85;14;3.10;10
1665218810-406;https://www.mercadolibre.com.mx/ofertas#c_id=/home/promotions-recommendations/element&c_uid=8e951fe9-02d6-4b9d-9780-784a618b3e25;;https://articulo.mercadolibre.com.mx/MLM-1474795606-funda-tpu-liquido-de-dos-colores-para-moto-motorola-_JM?hide_psmb=true#position=40&search_layout=grid&type=item&tracking_id=ac97bf14-31df-422c-8a6a-11e56cf8e811&deal_print_id=982db9da-6f44-461b-8a2e-53740bfcc9c3&promotion_type=TODAY_PROMOTION;Funda Tpu Líquido De Dos Colores Para Moto Motorola;136;19;null;null
1665218813-407;https://www.mercadolibre.com.mx/ofertas#c_id=/home/promotions-recommendations/element&c_uid=8e951fe9-02d6-4b9d-9780-784a618b3e25;;https://articulo.mercadolibre.com.mx/MLM-1346671369-taladro-atornillador-alto-impacto-con-2-baterias-de-litio-_JM?hide_psmb=true#position=39&search_layout=grid&type=item&tracking_id=ac97bf14-31df-422c-8a6a-11e56cf8e811&deal_print_id=982db9da-6f44-461b-8a2e-53740bfcc9c3&promotion_type=TODAY_PROMOTION;Taladro Atornillador Alto Impacto Con 2 Baterías De Litio;648;55;4.2;648
1665218816-408;https://www.mercadolibre.com.mx/ofertas#c_id=/home/promotions-recommendations/element&c_uid=8e951fe9-02d6-4b9d-9780-784a618b3e25;;https://www.mercadolibre.com.mx/samsung-galaxy-a03-64-gb-rojo-4-gb-ram/p/MLM18955017?pdp_filters=deal:MLM779363-3&hide_psmb=true#searchVariation=MLM18955017&position=14&search_layout=grid&type=product&tracking_id=ac97bf14-31df-422c-8a6a-11e56cf8e811&deal_print_id=982db9da-6f44-461b-8a2e-53740bfcc9c3&promotion_type=DEAL_OF_THE_DAY;Samsung Galaxy A03 64 GB rojo 4 GB RAM;2599;25;4.6;314
1665218819-409;https://www.mercadolibre.com.mx/ofertas#c_id=/home/promotions-recommendations/element&c_uid=8e951fe9-02d6-4b9d-9780-784a618b3e25;;https://www.mercadolibre.com.mx/microsoft-xbox-series-s-512gb-standard-color-blanco/p/MLM16650345?pdp_filters=deal:MLM779363-3&hide_psmb=true#searchVariation=MLM16650345&position=13&search_layout=grid&type=product&tracking_id=ac97bf14-31df-422c-8a6a-11e56cf8e811&deal_print_id=982db9da-6f44-461b-8a2e-53740bfcc9c3&promotion_type=TODAY_PROMOTION;Microsoft Xbox Series S 512GB Standard color  blanco;6263;13;4.9;1341
1665218821-410;https://www.mercadolibre.com.mx/ofertas#c_id=/home/promotions-recommendations/element&c_uid=8e951fe9-02d6-4b9d-9780-784a618b3e25;;https://articulo.mercadolibre.com.mx/MLM-1344266123-cargador-samsung-super-carga-rapida-s21-plus-25w-original-_JM?hide_psmb=true#position=38&search_layout=grid&type=item&tracking_id=ac97bf14-31df-422c-8a6a-11e56cf8e811&deal_print_id=982db9da-6f44-461b-8a2e-53740bfcc9c3&promotion_type=TODAY_PROMOTION;Cargador Samsung Super Carga Rápida S21 Plus 25w Original;401;21;4.2;51
1665218824-411;https://www.mercadolibre.com.mx/ofertas#c_id=/home/promotions-recommendations/element&c_uid=8e951fe9-02d6-4b9d-9780-784a618b3e25;;https://articulo.mercadolibre.com.mx/MLM-1330646918-funda-ultra-slim-para-xiaomi-redmi-poco-_JM?hide_psmb=true#position=37&search_layout=grid&type=item&tracking_id=ac97bf14-31df-422c-8a6a-11e56cf8e811&deal_print_id=982db9da-6f44-461b-8a2e-53740bfcc9c3&promotion_type=DEAL_OF_THE_DAY;Funda Ultra Slim Para Xiaomi Redmi Poco;130;18;4.4;109
1665218827-412;https://www.mercadolibre.com.mx/ofertas#c_id=/home/promotions-recommendations/element&c_uid=8e951fe9-02d6-4b9d-9780-784a618b3e25;;https://articulo.mercadolibre.com.mx/MLM-1420436359-soldadora-inversora-maquina-130amp-110220v-str14e-stallion-_JM?hide_psmb=true#position=36&search_layout=grid&type=item&tracking_id=ac97bf14-31df-422c-8a6a-11e56cf8e811&deal_print_id=982db9da-6f44-461b-8a2e-53740bfcc9c3&promotion_type=TODAY_PROMOTION;Soldadora Inversora Maquina 130amp 110/220v Str14e Stallion;1599;1;4.6;61
1665218830-413;https://www.mercadolibre.com.mx/ofertas#c_id=/home/promotions-recommendations/element&c_uid=8e951fe9-02d6-4b9d-9780-784a618b3e25;;https://articulo.mercadolibre.com.mx/MLM-1403290317-169-reloj-smart-watch-mujer-con-temperatura-pulsera-doble-_JM?hide_psmb=true#position=35&search_layout=grid&type=item&tracking_id=ac97bf14-31df-422c-8a6a-11e56cf8e811&deal_print_id=982db9da-6f44-461b-8a2e-53740bfcc9c3&promotion_type=TODAY_PROMOTION;1.69'' Reloj Smart Watch Mujer Con Temperatura Pulsera Doble;596;22;4.5;123
1665218833-414;https://www.mercadolibre.com.mx/ofertas#c_id=/home/promotions-recommendations/element&c_uid=8e951fe9-02d6-4b9d-9780-784a618b3e25;;https://www.mercadolibre.com.mx/xiaomi-redmi-note-11-snapdragon-dual-sim-128-gb-gris-grafito-6-gb-ram/p/MLM18924352?pdp_filters=deal:MLM779363-3&hide_psmb=true#searchVariation=MLM18924352&position=12&search_layout=grid&type=product&tracking_id=ac97bf14-31df-422c-8a6a-11e56cf8e811&deal_print_id=982db9da-6f44-461b-8a2e-53740bfcc9c3&promotion_type=TODAY_PROMOTION;Xiaomi Redmi Note 11 (Snapdragon) Dual SIM 128 GB gris grafito 6 GB RAM;3998;10;4.6;1038
1665218836-415;https://www.mercadolibre.com.mx/ofertas#c_id=/home/promotions-recommendations/element&c_uid=8e951fe9-02d6-4b9d-9780-784a618b3e25;;https://www.mercadolibre.com.mx/amazon-echo-dot-4th-gen-con-asistente-virtual-alexa-twilight-blue-110v240v/p/MLM16212510?pdp_filters=deal:MLM779363-3&hide_psmb=true#searchVariation=MLM16212510&position=11&search_layout=grid&type=product&tracking_id=ac97bf14-31df-422c-8a6a-11e56cf8e811&deal_print_id=982db9da-6f44-461b-8a2e-53740bfcc9c3&promotion_type=TODAY_PROMOTION;Amazon Echo Dot 4th Gen con asistente virtual Alexa twilight blue 110V/240V;762;30;4.8;5564
1665218839-416;https://www.mercadolibre.com.mx/ofertas#c_id=/home/promotions-recommendations/element&c_uid=8e951fe9-02d6-4b9d-9780-784a618b3e25;;https://articulo.mercadolibre.com.mx/MLM-1428035750-proyector-profesional-8k-android-wifi-full-hd-1080p-8000-lm-_JM?hide_psmb=true#position=34&search_layout=grid&type=item&tracking_id=ac97bf14-31df-422c-8a6a-11e56cf8e811&deal_print_id=982db9da-6f44-461b-8a2e-53740bfcc9c3&promotion_type=TODAY_PROMOTION;Proyector Profesional 8k Android Wifi Full Hd 1080p 8000 Lm;3774;59;5;123
1665218842-417;https://www.mercadolibre.com.mx/ofertas#c_id=/home/promotions-recommendations/element&c_uid=8e951fe9-02d6-4b9d-9780-784a618b3e25;;https://www.mercadolibre.com.mx/google-chromecast-3-generacion-full-hd-carbon/p/MLM13841393?pdp_filters=deal:MLM779363-3&hide_psmb=true#searchVariation=MLM13841393&position=10&search_layout=grid&type=product&tracking_id=ac97bf14-31df-422c-8a6a-11e56cf8e811&deal_print_id=982db9da-6f44-461b-8a2e-53740bfcc9c3&promotion_type=TODAY_PROMOTION;Google Chromecast 3.ª generación Full HD carbón;629;26;4.8;8617
1665218845-418;https://www.mercadolibre.com.mx/ofertas#c_id=/home/promotions-recommendations/element&c_uid=8e951fe9-02d6-4b9d-9780-784a618b3e25;;https://articulo.mercadolibre.com.mx/MLM-827939735-camara-de-seguridad-wifi-exterior-1080p-con-led-iluminacion-_JM?hide_psmb=true#position=33&search_layout=grid&type=item&tracking_id=ac97bf14-31df-422c-8a6a-11e56cf8e811&deal_print_id=982db9da-6f44-461b-8a2e-53740bfcc9c3&promotion_type=TODAY_PROMOTION;Cámara De Seguridad Wifi Exterior 1080p Con Led Iluminación;660;48;4.3;1277
1665218848-419;https://www.mercadolibre.com.mx/ofertas#c_id=/home/promotions-recommendations/element&c_uid=8e951fe9-02d6-4b9d-9780-784a618b3e25;;https://articulo.mercadolibre.com.mx/MLM-785116668-reloj-inteligente-deportivo-impermeable-con-bluetooth-_JM?hide_psmb=true#position=32&search_layout=grid&type=item&tracking_id=ac97bf14-31df-422c-8a6a-11e56cf8e811&deal_print_id=982db9da-6f44-461b-8a2e-53740bfcc9c3&promotion_type=TODAY_PROMOTION;Reloj Inteligente Deportivo Impermeable Con Bluetooth;628;48;4.5;3674
1665218851-420;https://www.mercadolibre.com.mx/ofertas#c_id=/home/promotions-recommendations/element&c_uid=8e951fe9-02d6-4b9d-9780-784a618b3e25;;https://www.mercadolibre.com.mx/xiaomi-pocophone-poco-x4-pro-5g-dual-sim-256-gb-laser-blue-8-gb-ram/p/MLM18968545?pdp_filters=deal:MLM779363-3&hide_psmb=true#searchVariation=MLM18968545&position=9&search_layout=grid&type=product&tracking_id=ac97bf14-31df-422c-8a6a-11e56cf8e811&deal_print_id=982db9da-6f44-461b-8a2e-53740bfcc9c3&promotion_type=TODAY_PROMOTION;Xiaomi Pocophone Poco X4 Pro 5G Dual SIM 256 GB laser blue 8 GB RAM;6529;3;4.6;850
1665218853-421;https://www.mercadolibre.com.mx/ofertas#c_id=/home/promotions-recommendations/element&c_uid=8e951fe9-02d6-4b9d-9780-784a618b3e25;;https://articulo.mercadolibre.com.mx/MLM-777686685-cargador-samsung-original-super-carga-rapida-25w-tipo-c-_JM?hide_psmb=true#position=31&search_layout=grid&type=item&tracking_id=ac97bf14-31df-422c-8a6a-11e56cf8e811&deal_print_id=982db9da-6f44-461b-8a2e-53740bfcc9c3&promotion_type=TODAY_PROMOTION;Cargador Samsung Original Super Carga Rapida 25w Tipo C;497;17;4.6;182
1665218857-422;https://www.mercadolibre.com.mx/ofertas#c_id=/home/promotions-recommendations/element&c_uid=8e951fe9-02d6-4b9d-9780-784a618b3e25;;https://articulo.mercadolibre.com.mx/MLM-1430746324-d1002-sistema-de-telefono-inalambrico-expandible-1-pzas-_JM?hide_psmb=true#position=30&search_layout=grid&type=item&tracking_id=ac97bf14-31df-422c-8a6a-11e56cf8e811&deal_print_id=982db9da-6f44-461b-8a2e-53740bfcc9c3&promotion_type=TODAY_PROMOTION;D1002 Sistema De Teléfono Inalámbrico Expandible, 1 Pzas;649;50;null;null
1665218861-423;https://www.mercadolibre.com.mx/ofertas#c_id=/home/promotions-recommendations/element&c_uid=8e951fe9-02d6-4b9d-9780-784a618b3e25;;https://articulo.mercadolibre.com.mx/MLM-1411137883-kit-funda-magsafe-mica-pantalla-mica-camara-para-iphone-_JM?hide_psmb=true#position=29&search_layout=grid&type=item&tracking_id=ac97bf14-31df-422c-8a6a-11e56cf8e811&deal_print_id=982db9da-6f44-461b-8a2e-53740bfcc9c3&promotion_type=TODAY_PROMOTION;Kit Funda Magsafe + Mica Pantalla + Mica Cámara Para iPhone;282;17;4.4;129
1665218864-424;https://www.mercadolibre.com.mx/ofertas#c_id=/home/promotions-recommendations/element&c_uid=8e951fe9-02d6-4b9d-9780-784a618b3e25;;https://articulo.mercadolibre.com.mx/MLM-1429849437-reloj-smart-watch-mujer-deportivo-impermeable-para-hombre-_JM?hide_psmb=true#position=28&search_layout=grid&type=item&tracking_id=ac97bf14-31df-422c-8a6a-11e56cf8e811&deal_print_id=982db9da-6f44-461b-8a2e-53740bfcc9c3&promotion_type=DEAL_OF_THE_DAY;Reloj Smart Watch Mujer Deportivo Impermeable Para Hombre;605;58;4.9;106
1665218867-425;https://www.mercadolibre.com.mx/ofertas#c_id=/home/promotions-recommendations/element&c_uid=8e951fe9-02d6-4b9d-9780-784a618b3e25;;https://www.mercadolibre.com.mx/xiaomi-redmi-10c-dual-sim-128-gb-gris-grafito-4-gb-ram/p/MLM19069553?pdp_filters=deal:MLM779363-3&hide_psmb=true#searchVariation=MLM19069553&position=8&search_layout=grid&type=product&tracking_id=ac97bf14-31df-422c-8a6a-11e56cf8e811&deal_print_id=982db9da-6f44-461b-8a2e-53740bfcc9c3&promotion_type=TODAY_PROMOTION;Xiaomi Redmi 10C Dual SIM 128 GB gris grafito 4 GB RAM;3068;10;4.7;651
1665218870-426;https://www.mercadolibre.com.mx/ofertas#c_id=/home/promotions-recommendations/element&c_uid=8e951fe9-02d6-4b9d-9780-784a618b3e25;;https://articulo.mercadolibre.com.mx/MLM-704705071-arbol-navidad-artificial-frondoso-190-m-verde-pino-jardimex-_JM?hide_psmb=true#position=27&search_layout=grid&type=item&tracking_id=ac97bf14-31df-422c-8a6a-11e56cf8e811&deal_print_id=982db9da-6f44-461b-8a2e-53740bfcc9c3&promotion_type=TODAY_PROMOTION;Arbol Navidad Artificial Frondoso 1.90 M Verde Pino Jardimex;1099;35;4.4;124
1665218873-427;https://www.mercadolibre.com.mx/ofertas#c_id=/home/promotions-recommendations/element&c_uid=8e951fe9-02d6-4b9d-9780-784a618b3e25;;https://articulo.mercadolibre.com.mx/MLM-1433122389-accesorio-apple-airtag-localizador-a2187-icloud-factura-_JM?hide_psmb=true#position=26&search_layout=grid&type=item&tracking_id=ac97bf14-31df-422c-8a6a-11e56cf8e811&deal_print_id=982db9da-6f44-461b-8a2e-53740bfcc9c3&promotion_type=TODAY_PROMOTION;Accesorio Apple Airtag Localizador A2187  Icloud Factura;950;5;null;null
1665218876-428;https://www.mercadolibre.com.mx/ofertas#c_id=/home/promotions-recommendations/element&c_uid=8e951fe9-02d6-4b9d-9780-784a618b3e25;;https://articulo.mercadolibre.com.mx/MLM-1430022660-colchon-individual-ortopedico-2-almohadas-spring-air-_JM?hide_psmb=true#position=25&search_layout=grid&type=item&tracking_id=ac97bf14-31df-422c-8a6a-11e56cf8e811&deal_print_id=982db9da-6f44-461b-8a2e-53740bfcc9c3&promotion_type=TODAY_PROMOTION;Colchón Individual Ortopédico + 2 Almohadas Spring Air;3299;37;4.6;9
1665218880-429;https://www.mercadolibre.com.mx/ofertas#c_id=/home/promotions-recommendations/element&c_uid=8e951fe9-02d6-4b9d-9780-784a618b3e25;;https://articulo.mercadolibre.com.mx/MLM-865379348-funda-case-de-uso-rudo-para-iphone-transparente-antigolpes-_JM?hide_psmb=true#position=24&search_layout=grid&type=item&tracking_id=ac97bf14-31df-422c-8a6a-11e56cf8e811&deal_print_id=982db9da-6f44-461b-8a2e-53740bfcc9c3&promotion_type=TODAY_PROMOTION;Funda Case De Uso Rudo Para iPhone Transparente Antigolpes;159;20;4.8;352
1665218882-430;https://www.mercadolibre.com.mx/ofertas#c_id=/home/promotions-recommendations/element&c_uid=8e951fe9-02d6-4b9d-9780-784a618b3e25;;https://www.mercadolibre.com.mx/huawei-band-6-147-caja-de-polimero-dark-gray-malla-graphite-black-de-silicona-fra-b19/p/MLM17944055?pdp_filters=deal:MLM779363-3&hide_psmb=true#searchVariation=MLM17944055&position=7&search_layout=grid&type=product&tracking_id=ac97bf14-31df-422c-8a6a-11e56cf8e811&deal_print_id=982db9da-6f44-461b-8a2e-53740bfcc9c3&promotion_type=TODAY_PROMOTION;"Huawei Band 6 1.47"" caja de  polímero dark gray, malla  graphite black de  silicona FRA-B19";799;15;4.8;5581
1665218886-431;https://www.mercadolibre.com.mx/ofertas#c_id=/home/promotions-recommendations/element&c_uid=8e951fe9-02d6-4b9d-9780-784a618b3e25;;https://www.mercadolibre.com.mx/xiaomi-redmi-note-11-snapdragon-dual-sim-128-gb-azul-estelar-6-gb-ram/p/MLM18924354?pdp_filters=deal:MLM779363-3&hide_psmb=true#searchVariation=MLM18924354&position=6&search_layout=grid&type=product&tracking_id=ac97bf14-31df-422c-8a6a-11e56cf8e811&deal_print_id=982db9da-6f44-461b-8a2e-53740bfcc9c3&promotion_type=TODAY_PROMOTION;Xiaomi Redmi Note 11 (Snapdragon) Dual SIM 128 GB azul estelar 6 GB RAM;4038;10;4.6;1038
1665218889-432;https://www.mercadolibre.com.mx/ofertas#c_id=/home/promotions-recommendations/element&c_uid=8e951fe9-02d6-4b9d-9780-784a618b3e25;;https://www.mercadolibre.com.mx/tablet-samsung-galaxy-tab-a7-lite-with-book-cover-sm-t220-87-32gb-plateada-y-3gb-de-memoria-ram/p/MLM18285385?pdp_filters=deal:MLM779363-3&hide_psmb=true#searchVariation=MLM18285385&position=5&search_layout=grid&type=product&tracking_id=ac97bf14-31df-422c-8a6a-11e56cf8e811&deal_print_id=982db9da-6f44-461b-8a2e-53740bfcc9c3&promotion_type=TODAY_PROMOTION;"Tablet  Samsung Galaxy Tab A7 Lite with Book Cover SM-T220 8.7"" 32GB plateada y 3GB de memoria RAM";2899;27;4.8;547
1665218891-433;https://www.mercadolibre.com.mx/ofertas#c_id=/home/promotions-recommendations/element&c_uid=8e951fe9-02d6-4b9d-9780-784a618b3e25;;https://articulo.mercadolibre.com.mx/MLM-1386402980-pantalla-para-samsung-s20-fe-c-marco-amoled-g780-g781-orig-_JM?hide_psmb=true#position=23&search_layout=grid&type=item&tracking_id=ac97bf14-31df-422c-8a6a-11e56cf8e811&deal_print_id=982db9da-6f44-461b-8a2e-53740bfcc9c3&promotion_type=TODAY_PROMOTION;Pantalla Para Samsung S20 Fe C/ Marco Amoled G780 G781 Orig;3817;17;null;null
1665218894-434;https://www.mercadolibre.com.mx/ofertas#c_id=/home/promotions-recommendations/element&c_uid=8e951fe9-02d6-4b9d-9780-784a618b3e25;;https://articulo.mercadolibre.com.mx/MLM-1420943926-kit-funda-para-iphone-magsafe-cargador-mica-camara-pantalla-_JM?hide_psmb=true#position=22&search_layout=grid&type=item&tracking_id=ac97bf14-31df-422c-8a6a-11e56cf8e811&deal_print_id=982db9da-6f44-461b-8a2e-53740bfcc9c3&promotion_type=TODAY_PROMOTION;Kit Funda Para iPhone Magsafe Cargador Mica Camara Pantalla;572;17;3.8;16
1665218897-435;https://www.mercadolibre.com.mx/ofertas#c_id=/home/promotions-recommendations/element&c_uid=8e951fe9-02d6-4b9d-9780-784a618b3e25;;https://articulo.mercadolibre.com.mx/MLM-940684773-power-bank-banco-de-energia-solar-30800mah-inalambrico-qi-_JM?hide_psmb=true#position=21&search_layout=grid&type=item&tracking_id=ac97bf14-31df-422c-8a6a-11e56cf8e811&deal_print_id=982db9da-6f44-461b-8a2e-53740bfcc9c3&promotion_type=TODAY_PROMOTION;Power Bank, Banco De Energía Solar 30800mah, Inalámbrico Qi;1028;14;null;null
1665218900-436;https://www.mercadolibre.com.mx/ofertas#c_id=/home/promotions-recommendations/element&c_uid=8e951fe9-02d6-4b9d-9780-784a618b3e25;;https://www.mercadolibre.com.mx/xiaomi-mi-smart-band-5-11-caja-de-plastico-pc-black-malla-black-de-elastomero-termoplastico-y-aleacion-de-aluminio-xmsh10hm/p/MLM15963018?pdp_filters=deal:MLM779363-3&hide_psmb=true#searchVariation=MLM15963018&position=4&search_layout=grid&type=product&tracking_id=ac97bf14-31df-422c-8a6a-11e56cf8e811&deal_print_id=982db9da-6f44-461b-8a2e-53740bfcc9c3&promotion_type=TODAY_PROMOTION;"Xiaomi Mi Smart Band 5 1.1"" caja de  plástico pc black, malla  black de  elastómero termoplástico y aleación de aluminio XMSH10HM";488;15;4.8;9472
1665218903-437;https://www.mercadolibre.com.mx/ofertas#c_id=/home/promotions-recommendations/element&c_uid=8e951fe9-02d6-4b9d-9780-784a618b3e25;;https://www.mercadolibre.com.mx/samsung-galaxy-a53-5g-128-gb-awesome-peach-8-gb-ram/p/MLM19151368?pdp_filters=deal:MLM779363-3&hide_psmb=true#searchVariation=MLM19151368&position=3&search_layout=grid&type=product&tracking_id=ac97bf14-31df-422c-8a6a-11e56cf8e811&deal_print_id=982db9da-6f44-461b-8a2e-53740bfcc9c3&promotion_type=DEAL_OF_THE_DAY;Samsung Galaxy A53 5G 128 GB awesome peach 8 GB RAM;7394;26;4.5;156
1665218906-438;https://www.mercadolibre.com.mx/ofertas#c_id=/home/promotions-recommendations/element&c_uid=8e951fe9-02d6-4b9d-9780-784a618b3e25;;https://articulo.mercadolibre.com.mx/MLM-1304101347-cargador-xiaomi-33w-original-tipo-c-turbo-cargador-mdy11ex-_JM?hide_psmb=true#position=20&search_layout=grid&type=item&tracking_id=ac97bf14-31df-422c-8a6a-11e56cf8e811&deal_print_id=982db9da-6f44-461b-8a2e-53740bfcc9c3&promotion_type=DEAL_OF_THE_DAY;Cargador Xiaomi 33w Original Tipo C. Turbo Cargador Mdy11ex;538;23;4.7;359
1665218908-439;https://www.mercadolibre.com.mx/ofertas#c_id=/home/promotions-recommendations/element&c_uid=8e951fe9-02d6-4b9d-9780-784a618b3e25;;https://articulo.mercadolibre.com.mx/MLM-1330659806-funda-ultra-slim-para-samsung-galaxy-_JM?hide_psmb=true#position=19&search_layout=grid&type=item&tracking_id=ac97bf14-31df-422c-8a6a-11e56cf8e811&deal_print_id=982db9da-6f44-461b-8a2e-53740bfcc9c3&promotion_type=DEAL_OF_THE_DAY;Funda Ultra Slim Para  Samsung Galaxy;130;18;4.5;200
1665218911-440;https://www.mercadolibre.com.mx/ofertas#c_id=/home/promotions-recommendations/element&c_uid=8e951fe9-02d6-4b9d-9780-784a618b3e25;;https://www.mercadolibre.com.mx/tablet-samsung-galaxy-tab-a7-lite-with-book-cover-sm-t220-87-32gb-gris-y-3gb-de-memoria-ram/p/MLM18285384?pdp_filters=deal:MLM779363-3&hide_psmb=true#searchVariation=MLM18285384&position=2&search_layout=grid&type=product&tracking_id=ac97bf14-31df-422c-8a6a-11e56cf8e811&deal_print_id=982db9da-6f44-461b-8a2e-53740bfcc9c3&promotion_type=DEAL_OF_THE_DAY;"Tablet  Samsung Galaxy Tab A7 Lite with Book Cover SM-T220 8.7"" 32GB gris y 3GB de memoria RAM";2499;37;4.8;547
1665218914-441;https://www.mercadolibre.com.mx/ofertas#c_id=/home/promotions-recommendations/element&c_uid=8e951fe9-02d6-4b9d-9780-784a618b3e25;;https://articulo.mercadolibre.com.mx/MLM-1437877954-smartwatch-mujer-185-reloj-inteligente-reloj-impermeable-_JM?hide_psmb=true#position=18&search_layout=grid&type=item&tracking_id=ac97bf14-31df-422c-8a6a-11e56cf8e811&deal_print_id=982db9da-6f44-461b-8a2e-53740bfcc9c3&promotion_type=DEAL_OF_THE_DAY;Smartwatch Mujer 1.85 Reloj Inteligente Reloj Impermeable;887;50;4.6;31
1665218917-442;https://www.mercadolibre.com.mx/ofertas#c_id=/home/promotions-recommendations/element&c_uid=8e951fe9-02d6-4b9d-9780-784a618b3e25;;https://www.mercadolibre.com.mx/samsung-galaxy-m13-dual-sim-64-gb-deep-green-4-gb-ram/p/MLM19460567?pdp_filters=deal:MLM779363-3&hide_psmb=true#searchVariation=MLM19460567&position=1&search_layout=grid&type=product&tracking_id=ac97bf14-31df-422c-8a6a-11e56cf8e811&deal_print_id=982db9da-6f44-461b-8a2e-53740bfcc9c3&promotion_type=DEAL_OF_THE_DAY;Samsung Galaxy M13 Dual SIM 64 GB deep green 4 GB RAM;3299;34;4.6;85
